stair.thisTrialN,stair.stepSize,stair.intensity,thisRow.t,notes,trial.started,fixation.started,grating.started,key_resp.started,fixation.stopped,grating.stopped,trial.stopped,corrAns,tilt,key_resp.corr,stair.response,key_resp.rt,participant,session,date,expName,expVersion,psychopyVersion,frameRate,expStart
0,2,10,0.0303761,,0.0123245,0.0303761,0.5139295,0.5139295,0.5302333,0.8139801,1.3702797,right,10,1,1,0.8366231,943664,1,2025-09-04_10h13.01.983,adaptive_staircase,,2025.1.1,60.82473474,2025-09-04 10h13.03.194076 +0530
1,2,8,1.3805233,,1.3704946,1.3805233,1.880278,1.880278,1.880278,2.1791578,2.4791208,right,8,1,1,0.5852684,943664,1,2025-09-04_10h13.01.983,adaptive_staircase,,2025.1.1,60.82473474,2025-09-04 10h13.03.194076 +0530
2,2,6,2.4957507,,2.4793136,2.4957507,2.9803631,2.9803631,2.9957034,3.2955232,3.4792334,right,6,1,1,0.4935292,943664,1,2025-09-04_10h13.01.983,adaptive_staircase,,2025.1.1,60.82473474,2025-09-04 10h13.03.194076 +0530
3,2,4,3.4955309,,3.4794188,3.4955309,3.9791582,3.9791582,3.9961589,4.2791681,4.4309095,right,4,1,1,0.4395062,943664,1,2025-09-04_10h13.01.983,adaptive_staircase,,2025.1.1,60.82473474,2025-09-04 10h13.03.194076 +0530
4,2,2,4.4459451,,4.4311452,4.4459451,4.9457486,4.9457486,4.9457486,5.2464319,5.3805089,left,-2,1,1,0.4191637,943664,1,2025-09-04_10h13.01.983,adaptive_staircase,,2025.1.1,60.82473474,2025-09-04 10h13.03.194076 +0530
5,2,1,5.3966003,,5.3808348,5.3966003,5.8952796,5.8952796,5.9121128,6.1956975,6.2959243,left,-1,1,1,0.3845729,943664,1,2025-09-04_10h13.01.983,adaptive_staircase,,2025.1.1,60.82473474,2025-09-04 10h13.03.194076 +0530
6,2,1,6.3129423,,6.296217,6.3129423,6.7953214,6.7953214,6.811943,7.0965452,7.1788343,right,1,1,1,0.3751004,943664,1,2025-09-04_10h13.01.983,adaptive_staircase,,2025.1.1,60.82473474,2025-09-04 10h13.03.194076 +0530
7,2,1,7.195555,,7.1789918,7.195555,7.6790017,7.6790017,7.6963784,7.9798231,8.2960652,left,-1,1,1,0.6000399,943664,1,2025-09-04_10h13.01.983,adaptive_staircase,,2025.1.1,60.82473474,2025-09-04 10h13.03.194076 +0530
8,1,1,8.3117072,,8.2962719,8.3117072,8.7964828,8.7964828,8.8128796,9.0955191,9.2145511,right,1,0,0,0.4022262,943664,1,2025-09-04_10h13.01.983,adaptive_staircase,,2025.1.1,60.82473474,2025-09-04 10h13.03.194076 +0530
9,1,2,9.2303341,,9.2147879,9.2303341,9.7298507,9.7298507,9.7298507,10.0292354,10.2471827,right,2,1,1,0.5102944,943664,1,2025-09-04_10h13.01.983,adaptive_staircase,,2025.1.1,60.82473474,2025-09-04 10h13.03.194076 +0530
10,1,2,10.2631838,,10.247503,10.2631838,10.745748,10.745748,10.7629434,11.0456561,11.1621643,left,-2,1,1,0.4037022,943664,1,2025-09-04_10h13.01.983,adaptive_staircase,,2025.1.1,60.82473474,2025-09-04 10h13.03.194076 +0530
11,1,2,11.1793092,,11.1623513,11.1793092,11.6630213,11.6630213,11.679164,11.962542,12.112825,right,2,1,1,0.4484392,943664,1,2025-09-04_10h13.01.983,adaptive_staircase,,2025.1.1,60.82473474,2025-09-04 10h13.03.194076 +0530
12,1,1,12.128385,,12.1130612,12.128385,12.6126596,12.6126596,12.6295068,12.9127226,13.0468026,left,-1,1,1,0.4177005,943664,1,2025-09-04_10h13.01.983,adaptive_staircase,,2025.1.1,60.82473474,2025-09-04 10h13.03.194076 +0530
13,1,1,13.0630813,,13.047087,13.0630813,13.5622359,13.5622359,13.5622359,13.8619858,14.0118877,right,1,1,1,0.444954,943664,1,2025-09-04_10h13.01.983,adaptive_staircase,,2025.1.1,60.82473474,2025-09-04 10h13.03.194076 +0530
14,1,1,14.0288719,,14.0120282,14.0288719,14.511957,14.511957,14.5286536,14.8118128,15.0627778,left,-1,1,1,0.5411686,943664,1,2025-09-04_10h13.01.983,adaptive_staircase,,2025.1.1,60.82473474,2025-09-04 10h13.03.194076 +0530
15,0.5,1,15.0788099,,15.0630156,15.0788099,15.5794154,15.5794154,15.5794154,15.8792279,16.3285606,left,-1,0,0,0.7431206,943664,1,2025-09-04_10h13.01.983,adaptive_staircase,,2025.1.1,60.82473474,2025-09-04 10h13.03.194076 +0530
16,0.5,1.5,16.3449763,,16.3287534,16.3449763,16.8294808,16.8294808,16.8461947,17.1292864,17.379505,right,1.5,1,1,0.5435281,943664,1,2025-09-04_10h13.01.983,adaptive_staircase,,2025.1.1,60.82473474,2025-09-04 10h13.03.194076 +0530
17,0.5,1.5,17.3959366,,17.3796951,17.3959366,17.8792435,17.8792435,17.8948488,18.1785377,18.3120818,right,1.5,1,1,0.4315562,943664,1,2025-09-04_10h13.01.983,adaptive_staircase,,2025.1.1,60.82473474,2025-09-04 10h13.03.194076 +0530
18,0.5,1.5,18.3285427,,18.3122973,18.3285427,18.8132707,18.8132707,18.8294908,19.1293865,19.5300758,right,1.5,1,1,0.7159607,943664,1,2025-09-04_10h13.01.983,adaptive_staircase,,2025.1.1,60.82473474,2025-09-04 10h13.03.194076 +0530
19,0.5,1,19.5455131,,19.5302405,19.5455131,20.0456798,20.0456798,20.0456798,20.3454232,20.4627675,right,1,0,0,0.4141339,943664,1,2025-09-04_10h13.01.983,adaptive_staircase,,2025.1.1,60.82473474,2025-09-04 10h13.03.194076 +0530
20,0.5,1.5,20.4784929,,20.4629901,20.4784929,20.9785121,20.9785121,20.9785121,21.2786705,21.4290304,left,-1.5,1,1,0.4435611,943664,1,2025-09-04_10h13.01.983,adaptive_staircase,,2025.1.1,60.82473474,2025-09-04 10h13.03.194076 +0530
21,0.5,1.5,21.4460132,,21.4292589,21.4460132,21.9285559,21.9285559,21.9451287,22.2286852,22.4454444,right,1.5,1,1,0.5079261,943664,1,2025-09-04_10h13.01.983,adaptive_staircase,,2025.1.1,60.82473474,2025-09-04 10h13.03.194076 +0530
22,0.5,1.5,22.4614623,,22.4456184,22.4614623,22.9454191,22.9454191,22.9617465,23.2453293,23.4790161,right,1.5,1,1,0.5285327,943664,1,2025-09-04_10h13.01.983,adaptive_staircase,,2025.1.1,60.82473474,2025-09-04 10h13.03.194076 +0530
23,0.5,1,23.4950478,,23.4791816,23.4950478,23.9791073,23.9791073,23.995339,24.2785255,24.4788432,right,1,1,1,0.483453,943664,1,2025-09-04_10h13.01.983,adaptive_staircase,,2025.1.1,60.82473474,2025-09-04 10h13.03.194076 +0530
24,0.5,1,24.4952139,,24.4790143,24.4952139,24.9787898,24.9787898,24.9947073,25.2787651,25.3622146,left,-1,1,1,0.372822,943664,1,2025-09-04_10h13.01.983,adaptive_staircase,,2025.1.1,60.82473474,2025-09-04 10h13.03.194076 +0530
25,0.5,1,25.3784304,,25.3623868,25.3784304,25.8620126,25.8620126,25.8790348,26.1624263,26.2454895,left,-1,1,1,0.3754338,943664,1,2025-09-04_10h13.01.983,adaptive_staircase,,2025.1.1,60.82473474,2025-09-04 10h13.03.194076 +0530
26,0.5,1,26.261486,,26.2456654,26.261486,26.7455839,26.7455839,26.7619584,27.045968,27.0621719,left,-1,1,1,0.3133799,943664,1,2025-09-04_10h13.01.983,adaptive_staircase,,2025.1.1,60.82473474,2025-09-04 10h13.03.194076 +0530
27,0.5,1,27.0782007,,27.0623492,27.0782007,27.5617777,27.5617777,27.578846,27.8619126,27.930121,right,1,1,1,0.3520038,943664,1,2025-09-04_10h13.01.983,adaptive_staircase,,2025.1.1,60.82473474,2025-09-04 10h13.03.194076 +0530
28,0.5,1,27.9457206,,27.9304494,27.9457206,28.445606,28.445606,28.445606,28.7451723,28.9126053,left,-1,0,0,0.4605329,943664,1,2025-09-04_10h13.01.983,adaptive_staircase,,2025.1.1,60.82473474,2025-09-04 10h13.03.194076 +0530
29,0.5,1.5,28.9286554,,28.9129134,28.9286554,29.4120781,29.4120781,29.4287131,29.7125289,29.9290274,right,1.5,1,1,0.5014013,943664,1,2025-09-04_10h13.01.983,adaptive_staircase,,2025.1.1,60.82473474,2025-09-04 10h13.03.194076 +0530
30,0.5,1.5,29.9448893,,29.9291718,29.9448893,30.4286664,30.4286664,30.4453801,30.7285695,30.7946848,left,-1.5,1,1,0.3617032,943664,1,2025-09-04_10h13.01.983,adaptive_staircase,,2025.1.1,60.82473474,2025-09-04 10h13.03.194076 +0530
31,0.5,1.5,30.8119004,,30.7948763,30.8119004,31.2948135,31.2948135,31.3118895,31.5958366,31.696653,right,1.5,1,1,0.3966919,943664,1,2025-09-04_10h13.01.983,adaptive_staircase,,2025.1.1,60.82473474,2025-09-04 10h13.03.194076 +0530
32,0.5,1,31.7127349,,31.696931,31.7127349,32.2120936,32.2120936,32.2120936,32.5123696,32.6454309,left,-1,0,0,0.4288711,943664,1,2025-09-04_10h13.01.983,adaptive_staircase,,2025.1.1,60.82473474,2025-09-04 10h13.03.194076 +0530
33,0.5,1.5,32.6621676,,32.6456267,32.6621676,33.1450498,33.1450498,33.1617457,33.4455597,33.6453095,right,1.5,1,1,0.4888748,943664,1,2025-09-04_10h13.01.983,adaptive_staircase,,2025.1.1,60.82473474,2025-09-04 10h13.03.194076 +0530
34,0.5,1.5,33.6620929,,33.6454768,33.6620929,34.1458273,34.1458273,34.16269,34.4457691,34.5795706,left,-1.5,1,1,0.4162188,943664,1,2025-09-04_10h13.01.983,adaptive_staircase,,2025.1.1,60.82473474,2025-09-04 10h13.03.194076 +0530
35,0.5,1.5,34.5951888,,34.5798576,34.5951888,35.0953275,35.0953275,35.0953275,35.3947074,35.6125555,left,-1.5,1,1,0.5100446,943664,1,2025-09-04_10h13.01.983,adaptive_staircase,,2025.1.1,60.82473474,2025-09-04 10h13.03.194076 +0530
36,0.5,1,35.6288626,,35.6127675,35.6288626,36.129635,36.129635,36.129635,36.4285833,36.5295496,right,1,1,1,0.3827733,943664,1,2025-09-04_10h13.01.983,adaptive_staircase,,2025.1.1,60.82473474,2025-09-04 10h13.03.194076 +0530
37,0.5,1,36.5458129,,36.5298041,36.5458129,37.0290978,37.0290978,37.0461407,37.3290422,37.5953675,left,-1,0,0,0.5512722,943664,1,2025-09-04_10h13.01.983,adaptive_staircase,,2025.1.1,60.82473474,2025-09-04 10h13.03.194076 +0530
38,0.5,1.5,37.6120018,,37.5955123,37.6120018,38.0954099,38.0954099,38.1118418,38.395082,38.6959135,right,1.5,1,1,0.5881107,943664,1,2025-09-04_10h13.01.983,adaptive_staircase,,2025.1.1,60.82473474,2025-09-04 10h13.03.194076 +0530
39,0.5,1.5,38.711416,,38.6961707,38.711416,39.195823,39.195823,39.2120733,39.4951764,39.5955518,left,-1.5,1,1,0.3883388,943664,1,2025-09-04_10h13.01.983,adaptive_staircase,,2025.1.1,60.82473474,2025-09-04 10h13.03.194076 +0530
40,0.5,1.5,39.6114173,,39.5957052,39.6114173,40.0952116,40.0952116,40.1117758,40.3972082,40.628936,right,1.5,1,1,0.5329316,943664,1,2025-09-04_10h13.01.983,adaptive_staircase,,2025.1.1,60.82473474,2025-09-04 10h13.03.194076 +0530
41,0.5,1,40.6453388,,40.6292355,40.6453388,41.1294358,41.1294358,41.1458378,41.4452683,41.5131749,left,-1,1,1,0.3682432,943664,1,2025-09-04_10h13.01.983,adaptive_staircase,,2025.1.1,60.82473474,2025-09-04 10h13.03.194076 +0530
42,0.5,1,41.5290203,,41.5135382,41.5290203,42.0119902,42.0119902,42.0288791,42.311796,42.5124539,right,1,1,1,0.4859242,943664,1,2025-09-04_10h13.01.983,adaptive_staircase,,2025.1.1,60.82473474,2025-09-04 10h13.03.194076 +0530
43,0.5,1,42.5288899,,42.512716,42.5288899,43.0293467,43.0293467,43.0450644,43.3443652,43.5626806,left,-1,1,1,0.5328263,943664,1,2025-09-04_10h13.01.983,adaptive_staircase,,2025.1.1,60.82473474,2025-09-04 10h13.03.194076 +0530
44,0.5,1,43.5789653,,43.562871,43.5789653,44.078001,44.078001,44.078001,44.3782065,44.4978471,left,-1,1,1,0.4107479,943664,1,2025-09-04_10h13.01.983,adaptive_staircase,,2025.1.1,60.82473474,2025-09-04 10h13.03.194076 +0530
45,0.5,1,44.5122177,,44.4981746,44.5122177,45.0119877,45.0119877,45.0119877,45.3126931,45.5622528,right,1,1,1,0.5414174,943664,1,2025-09-04_10h13.01.983,adaptive_staircase,,2025.1.1,60.82473474,2025-09-04 10h13.03.194076 +0530
46,0.5,1,45.5783775,,45.5624905,45.5783775,46.0788524,46.0788524,46.0788524,46.3788423,46.4457684,left,-1,1,1,0.3516253,943664,1,2025-09-04_10h13.01.983,adaptive_staircase,,2025.1.1,60.82473474,2025-09-04 10h13.03.194076 +0530
47,0.5,1,46.4621861,,46.445907,46.4621861,46.9450586,46.9450586,46.9618527,47.2449684,47.3785448,left,-1,0,0,0.4173902,943664,1,2025-09-04_10h13.01.983,adaptive_staircase,,2025.1.1,60.82473474,2025-09-04 10h13.03.194076 +0530
48,0.5,1.5,47.394931,,47.3787089,47.394931,47.878818,47.878818,47.8952808,48.1946652,48.3628114,right,1.5,1,1,0.4709364,943664,1,2025-09-04_10h13.01.983,adaptive_staircase,,2025.1.1,60.82473474,2025-09-04 10h13.03.194076 +0530
49,0.5,1.5,48.3786018,,48.3630386,48.3786018,48.8786824,48.8786824,48.8786824,49.179779,49.4291355,right,1.5,1,1,0.5363218,943664,1,2025-09-04_10h13.01.983,adaptive_staircase,,2025.1.1,60.82473474,2025-09-04 10h13.03.194076 +0530
50,0.5,1.5,49.4457173,,49.4294114,49.4457173,49.9282655,49.9282655,49.946761,50.2289903,50.3794199,right,1.5,1,1,0.4490405,943664,1,2025-09-04_10h13.01.983,adaptive_staircase,,2025.1.1,60.82473474,2025-09-04 10h13.03.194076 +0530
51,0.5,1,50.3951614,,50.3796392,50.3951614,50.8949495,50.8949495,50.8949495,51.1951689,51.2952386,right,1,1,1,0.384282,943664,1,2025-09-04_10h13.01.983,adaptive_staircase,,2025.1.1,60.82473474,2025-09-04 10h13.03.194076 +0530
52,0.5,1,51.3114745,,51.295439,51.3114745,51.7948183,51.7948183,51.8116113,52.0956974,52.1628713,left,-1,0,0,0.366977,943664,1,2025-09-04_10h13.01.983,adaptive_staircase,,2025.1.1,60.82473474,2025-09-04 10h13.03.194076 +0530
53,0.5,1.5,52.178812,,52.16338,52.178812,52.6785791,52.6785791,52.6785791,52.9788864,53.2478847,left,-1.5,0,0,0.5579128,943664,1,2025-09-04_10h13.01.983,adaptive_staircase,,2025.1.1,60.82473474,2025-09-04 10h13.03.194076 +0530
54,0.5,2,53.2615654,,53.2480527,53.2615654,53.7624388,53.7624388,53.7624388,54.0612796,54.1954043,right,2,1,1,0.4197929,943664,1,2025-09-04_10h13.01.983,adaptive_staircase,,2025.1.1,60.82473474,2025-09-04 10h13.03.194076 +0530
55,0.5,2,54.2108535,,54.1956686,54.2108535,54.6955145,54.6955145,54.7125318,54.9949991,55.2952183,left,-2,0,0,0.583651,943664,1,2025-09-04_10h13.01.983,adaptive_staircase,,2025.1.1,60.82473474,2025-09-04 10h13.03.194076 +0530
56,0.5,2.5,55.3111227,,55.295374,55.3111227,55.7951304,55.7951304,55.8110451,56.0951852,56.3120896,right,2.5,1,1,0.5115196,943664,1,2025-09-04_10h13.01.983,adaptive_staircase,,2025.1.1,60.82473474,2025-09-04 10h13.03.194076 +0530
57,0.5,2.5,56.3286233,,56.3123752,56.3286233,56.8116745,56.8116745,56.8305406,57.1116435,57.2447273,right,2.5,1,1,0.4255701,943664,1,2025-09-04_10h13.01.983,adaptive_staircase,,2025.1.1,60.82473474,2025-09-04 10h13.03.194076 +0530
58,0.5,2.5,57.2610644,,57.2448996,57.2610644,57.7446135,57.7446135,57.7629607,58.0447699,58.312572,left,-2.5,1,1,0.5649649,943664,1,2025-09-04_10h13.01.983,adaptive_staircase,,2025.1.1,60.82473474,2025-09-04 10h13.03.194076 +0530
59,0.5,2,58.3285148,,58.3128398,58.3285148,58.8118254,58.8118254,58.8292615,59.1116751,59.312143,right,2,1,1,0.4914178,943664,1,2025-09-04_10h13.01.983,adaptive_staircase,,2025.1.1,60.82473474,2025-09-04 10h13.03.194076 +0530
60,0.5,2,59.3280287,,59.312425,59.3280287,59.8285965,59.8285965,59.8285965,60.128394,60.2122511,right,2,1,1,0.373963,943664,1,2025-09-04_10h13.01.983,adaptive_staircase,,2025.1.1,60.82473474,2025-09-04 10h13.03.194076 +0530
61,0.5,2,60.2284593,,60.2124929,60.2284593,60.7114797,60.7114797,60.7282863,61.0122747,61.2778771,left,-2,1,1,0.5631397,943664,1,2025-09-04_10h13.01.983,adaptive_staircase,,2025.1.1,60.82473474,2025-09-04 10h13.03.194076 +0530
62,0.5,1.5,61.2942052,,61.2780428,61.2942052,61.7774421,61.7774421,61.794241,62.0777706,62.2462167,right,1.5,1,1,0.467574,943664,1,2025-09-04_10h13.01.983,adaptive_staircase,,2025.1.1,60.82473474,2025-09-04 10h13.03.194076 +0530
63,0.5,1.5,62.2616203,,62.2464822,62.2616203,62.7609904,62.7609904,62.7609904,63.0607685,63.2285873,right,1.5,1,1,0.451864,943664,1,2025-09-04_10h13.01.983,adaptive_staircase,,2025.1.1,60.82473474,2025-09-04 10h13.03.194076 +0530
64,0.5,1.5,63.2438049,,63.2287882,63.2438049,63.7287004,63.7287004,63.7446013,64.0280605,64.4448297,left,-1.5,1,1,0.7149313,943664,1,2025-09-04_10h13.01.983,adaptive_staircase,,2025.1.1,60.82473474,2025-09-04 10h13.03.194076 +0530
65,0.5,1,64.4608252,,64.4450016,64.4608252,64.9445922,64.9445922,64.961026,65.2441651,65.3610607,right,1,1,1,0.4091472,943664,1,2025-09-04_10h13.01.983,adaptive_staircase,,2025.1.1,60.82473474,2025-09-04 10h13.03.194076 +0530
66,0.5,1,65.3777272,,65.36119,65.3777272,65.8612178,65.8612178,65.878059,66.1605866,66.4113365,right,1,1,1,0.5434629,943664,1,2025-09-04_10h13.01.983,adaptive_staircase,,2025.1.1,60.82473474,2025-09-04 10h13.03.194076 +0530
67,0.5,1,66.4282242,,66.4114778,66.4282242,66.9106565,66.9106565,66.9276769,67.2111424,67.4275965,right,1,1,1,0.5119315,943664,1,2025-09-04_10h13.01.983,adaptive_staircase,,2025.1.1,60.82473474,2025-09-04 10h13.03.194076 +0530
68,0.5,1,67.4441679,,67.4277318,67.4441679,67.9278434,67.9278434,67.9443724,68.2276172,68.3782777,left,-1,0,0,0.4346678,943664,1,2025-09-04_10h13.01.983,adaptive_staircase,,2025.1.1,60.82473474,2025-09-04 10h13.03.194076 +0530
69,0.5,1.5,68.3937516,,68.378416,68.3937516,68.893755,68.893755,68.893755,69.1942375,69.4278535,right,1.5,1,1,0.5222788,943664,1,2025-09-04_10h13.01.983,adaptive_staircase,,2025.1.1,60.82473474,2025-09-04 10h13.03.194076 +0530
70,0.5,1.5,69.4441374,,69.4280062,69.4441374,69.9273053,69.9273053,69.9441482,70.2277977,70.3943969,right,1.5,1,1,0.4530653,943664,1,2025-09-04_10h13.01.983,adaptive_staircase,,2025.1.1,60.82473474,2025-09-04 10h13.03.194076 +0530
71,0.5,1.5,70.4109932,,70.3945476,70.4109932,70.8939253,70.8939253,70.9109568,71.19415,71.5617169,left,-1.5,1,1,0.6636489,943664,1,2025-09-04_10h13.01.983,adaptive_staircase,,2025.1.1,60.82473474,2025-09-04 10h13.03.194076 +0530
72,0.5,1,71.5774658,,71.5618799,71.5774658,72.0620757,72.0620757,72.0796041,72.3777839,72.4451971,right,1,1,1,0.3726698,943664,1,2025-09-04_10h13.01.983,adaptive_staircase,,2025.1.1,60.82473474,2025-09-04 10h13.03.194076 +0530
73,0.5,1,72.4612967,,72.4454824,72.4612967,72.9444701,72.9444701,72.9620947,73.2448353,73.4449795,left,-1,1,1,0.4943525,943664,1,2025-09-04_10h13.01.983,adaptive_staircase,,2025.1.1,60.82473474,2025-09-04 10h13.03.194076 +0530
74,0.5,1,73.4615181,,73.4451811,73.4615181,73.94435,73.94435,73.9608248,74.2439006,74.6117389,left,-1,1,1,0.6600789,943664,1,2025-09-04_10h13.01.983,adaptive_staircase,,2025.1.1,60.82473474,2025-09-04 10h13.03.194076 +0530
75,0.5,1,74.6276017,,74.6118867,74.6276017,75.111296,75.111296,75.1278805,75.4108461,75.644421,left,-1,1,1,0.5255692,943664,1,2025-09-04_10h13.01.983,adaptive_staircase,,2025.1.1,60.82473474,2025-09-04 10h13.03.194076 +0530
76,0.5,1,75.660167,,75.6445625,75.660167,76.1440064,76.1440064,76.1608262,76.4442167,76.794651,right,1,1,1,0.6432558,943664,1,2025-09-04_10h13.01.983,adaptive_staircase,,2025.1.1,60.82473474,2025-09-04 10h13.03.194076 +0530
77,0.5,1,76.8107144,,76.7947945,76.8107144,77.2942409,77.2942409,77.3107447,77.593881,78.0277892,left,-1,1,1,0.7218085,943664,1,2025-09-04_10h13.01.983,adaptive_staircase,,2025.1.1,60.82473474,2025-09-04 10h13.03.194076 +0530
78,0.5,1,78.0440292,,78.0279625,78.0440292,78.5277122,78.5277122,78.5442349,78.8280647,79.1444167,right,1,1,1,0.6131603,943664,1,2025-09-04_10h13.01.983,adaptive_staircase,,2025.1.1,60.82473474,2025-09-04 10h13.03.194076 +0530
79,0.5,1,79.1607939,,79.1445459,79.1607939,79.6440287,79.6440287,79.660859,79.9435933,80.0780837,right,1,1,1,0.4332087,943664,1,2025-09-04_10h13.01.983,adaptive_staircase,,2025.1.1,60.82473474,2025-09-04 10h13.03.194076 +0530
80,0.5,1,80.0940584,,80.078257,80.0940584,80.5775246,80.5775246,80.5938973,80.877517,80.9779787,right,1,1,1,0.3846736,943664,1,2025-09-04_10h13.01.983,adaptive_staircase,,2025.1.1,60.82473474,2025-09-04 10h13.03.194076 +0530
81,0.5,1,80.9939948,,80.9781532,80.9939948,81.4771418,81.4771418,81.4937411,81.7770729,83.3443658,right,1,0,0,1.8659623,943664,1,2025-09-04_10h13.01.983,adaptive_staircase,,2025.1.1,60.82473474,2025-09-04 10h13.03.194076 +0530
82,0.5,1.5,83.3602841,,83.3445451,83.3602841,83.8440006,83.8440006,83.8603876,84.1434871,84.5106958,right,1.5,1,1,0.6592616,943664,1,2025-09-04_10h13.01.983,adaptive_staircase,,2025.1.1,60.82473474,2025-09-04 10h13.03.194076 +0530
83,0.5,1.5,84.5273831,,84.5108237,84.5273831,85.0101511,85.0101511,85.0277365,85.3103138,85.7608555,left,-1.5,1,1,0.73437,943664,1,2025-09-04_10h13.01.983,adaptive_staircase,,2025.1.1,60.82473474,2025-09-04 10h13.03.194076 +0530
84,0.5,1.5,85.7773291,,85.7610439,85.7773291,86.2605933,86.2605933,86.2779047,86.5609199,86.8444739,right,1.5,1,1,0.5751631,943664,1,2025-09-04_10h13.01.983,adaptive_staircase,,2025.1.1,60.82473474,2025-09-04 10h13.03.194076 +0530
85,0.5,1,86.8601447,,86.8446569,86.8601447,87.3449404,87.3449404,87.3604405,87.6440002,87.9109309,right,1,1,1,0.5641637,943664,1,2025-09-04_10h13.01.983,adaptive_staircase,,2025.1.1,60.82473474,2025-09-04 10h13.03.194076 +0530
86,0.5,1,87.9271517,,87.911118,87.9271517,88.4109172,88.4109172,88.4275385,88.7109649,88.8441143,left,-1,1,1,0.4293171,943664,1,2025-09-04_10h13.01.983,adaptive_staircase,,2025.1.1,60.82473474,2025-09-04 10h13.03.194076 +0530
87,0.5,1,88.8607809,,88.8442474,88.8607809,89.3440833,89.3440833,89.360752,89.6446857,89.794831,right,1,1,1,0.4389719,943664,1,2025-09-04_10h13.01.983,adaptive_staircase,,2025.1.1,60.82473474,2025-09-04 10h13.03.194076 +0530
88,0.5,1,89.8108521,,89.7950723,89.8108521,90.3106211,90.3106211,90.3106211,90.6105611,90.7780521,left,-1,1,1,0.4665211,943664,1,2025-09-04_10h13.01.983,adaptive_staircase,,2025.1.1,60.82473474,2025-09-04 10h13.03.194076 +0530
89,0.5,1,90.7935253,,90.7782018,90.7935253,91.2936043,91.2936043,91.2936043,91.5937881,91.9949864,right,1,1,1,0.6977978,943664,1,2025-09-04_10h13.01.983,adaptive_staircase,,2025.1.1,60.82473474,2025-09-04 10h13.03.194076 +0530
90,0.5,1,92.0107608,,91.9951386,92.0107608,92.510492,92.510492,92.510492,92.8109977,93.0287117,right,1,1,1,0.5164932,943664,1,2025-09-04_10h13.01.983,adaptive_staircase,,2025.1.1,60.82473474,2025-09-04 10h13.03.194076 +0530
91,0.5,1,93.0444749,,93.028975,93.0444749,93.5434587,93.5434587,93.5434587,93.8443174,94.1613621,right,1,0,0,0.6151839,943664,1,2025-09-04_10h13.01.983,adaptive_staircase,,2025.1.1,60.82473474,2025-09-04 10h13.03.194076 +0530
92,0.5,1.5,94.177763,,94.1615447,94.177763,94.6770285,94.6770285,94.6770285,94.97708,95.0776808,left,-1.5,1,1,0.3857858,943664,1,2025-09-04_10h13.01.983,adaptive_staircase,,2025.1.1,60.82473474,2025-09-04 10h13.03.194076 +0530
93,0.5,1.5,95.0935556,,95.077844,95.0935556,95.5771825,95.5771825,95.5934651,95.876881,96.0107008,left,-1.5,1,1,0.4323478,943664,1,2025-09-04_10h13.01.983,adaptive_staircase,,2025.1.1,60.82473474,2025-09-04 10h13.03.194076 +0530
94,0.5,1.5,96.0271419,,96.0108801,96.0271419,96.5105903,96.5105903,96.5270652,96.8105138,97.0107135,right,1.5,1,1,0.4965328,943664,1,2025-09-04_10h13.01.983,adaptive_staircase,,2025.1.1,60.82473474,2025-09-04 10h13.03.194076 +0530
95,0.5,1,97.0272949,,97.0108524,97.0272949,97.5099769,97.5099769,97.5274325,97.809944,98.4106406,left,-1,1,1,0.8951109,943664,1,2025-09-04_10h13.01.983,adaptive_staircase,,2025.1.1,60.82473474,2025-09-04 10h13.03.194076 +0530
96,0.5,1,98.4272021,,98.4108339,98.4272021,98.9103027,98.9103027,98.9276278,99.211748,99.6279259,right,1,1,1,0.714161,943664,1,2025-09-04_10h13.01.983,adaptive_staircase,,2025.1.1,60.82473474,2025-09-04 10h13.03.194076 +0530
97,0.5,1,99.6435922,,99.6280628,99.6435922,100.1274358,100.1274358,100.1435531,100.4271575,100.6610471,left,-1,1,1,0.5218651,943664,1,2025-09-04_10h13.01.983,adaptive_staircase,,2025.1.1,60.82473474,2025-09-04 10h13.03.194076 +0530
98,0.5,1,100.6770986,,100.6612157,100.6770986,101.1766375,101.1766375,101.1766375,101.4767277,102.3442872,left,-1,1,1,1.1521962,943664,1,2025-09-04_10h13.01.983,adaptive_staircase,,2025.1.1,60.82473474,2025-09-04 10h13.03.194076 +0530
99,0.5,1,102.360762,,102.3444257,102.360762,102.8438561,102.8438561,102.8604138,103.143386,103.4107125,right,1,1,1,0.5592905,943664,1,2025-09-04_10h13.01.983,adaptive_staircase,,2025.1.1,60.82473474,2025-09-04 10h13.03.194076 +0530
