thisN,thisTrialN,thisRepN,mouse.x,mouse.y,mouse.leftButton,mouse.midButton,mouse.rightButton,mouse.time,mouse.clicked_name,trials.thisRepN,trials.thisTrialN,trials.thisN,trials.thisIndex,thisRow.t,notes,num_distr,trial.started,fixation.started,target.started,mouse.started,trial.stopped,trials.mouse.x,trials.mouse.y,trials.mouse.leftButton,trials.mouse.midButton,trials.mouse.rightButton,trials.mouse.time,trials.mouse.clicked_name,participant,session,date,expName,expVersion,psychopyVersion,frameRate,expStart,
0,0,0,[np.float64(-0.245)],[np.float64(0.15166666666666667)],[1],[0],[0],[1.417488200000662],['target'],0,0,0,0,0.018880699997680495,,5,0.013060699999186909,0.018880699997680495,0.018880699997680495,0.012589500001922715,1.4312583999999333,[np.float64(-0.245)],[np.float64(0.15166666666666667)],[1],[0],[0],[1.417488200000662],['target'],p2,001,2025-09-30_21h09.57.944,04102024_3.0_Visual Search Task,,2025.1.1,59.93734150404627,2025-09-30 21h10.14.281051 +0530,
1,0,1,[np.float64(0.2791666666666667)],[np.float64(0.020833333333333332)],[1],[0],[0],[1.8789517000004707],['target'],1,0,1,0,1.4587615999989794,,10,1.4508987000008347,1.4587615999989794,1.4587615999989794,0.019518899996910477,3.3307199999981094,[np.float64(0.2791666666666667)],[np.float64(0.020833333333333332)],[1],[0],[0],[1.8789517000004707],['target'],p2,001,2025-09-30_21h09.57.944,04102024_3.0_Visual Search Task,,2025.1.1,59.93734150404627,2025-09-30 21h10.14.281051 +0530,
2,0,2,[np.float64(-0.205)],[np.float64(0.3575)],[1],[0],[0],[1.6237906999995175],['target'],2,0,2,0,3.3451709000000847,,5,3.3404921000001195,3.3451709000000847,3.3451709000000847,0.009631199998693774,4.965266499999416,[np.float64(-0.205)],[np.float64(0.3575)],[1],[0],[0],[1.6237906999995175],['target'],p2,001,2025-09-30_21h09.57.944,04102024_3.0_Visual Search Task,,2025.1.1,59.93734150404627,2025-09-30 21h10.14.281051 +0530,
3,0,3,[np.float64(0.19166666666666668)],[np.float64(-0.16)],[1],[0],[0],[1.8476219000003766],['target'],3,0,3,0,4.992096800000581,,10,4.98468519999733,4.992096800000581,4.992096800000581,0.01922779999949853,6.833216899998661,[np.float64(0.19166666666666668)],[np.float64(-0.16)],[1],[0],[0],[1.8476219000003766],['target'],p2,001,2025-09-30_21h09.57.944,04102024_3.0_Visual Search Task,,2025.1.1,59.93734150404627,2025-09-30 21h10.14.281051 +0530,
4,0,4,[np.float64(0.0875)],[np.float64(-0.13083333333333333)],[1],[0],[0],[1.298698599999625],['target'],4,0,4,0,6.877781200000754,,10,6.865344599998934,6.877781200000754,6.877781200000754,0.03169920000073034,8.165240599999379,[np.float64(0.0875)],[np.float64(-0.13083333333333333)],[1],[0],[0],[1.298698599999625],['target'],p2,001,2025-09-30_21h09.57.944,04102024_3.0_Visual Search Task,,2025.1.1,59.93734150404627,2025-09-30 21h10.14.281051 +0530,
5,0,5,[np.float64(-0.2916666666666667)],[np.float64(-0.03333333333333333)],[1],[0],[0],[1.3985806000018783],['target'],5,0,5,0,8.189455299998372,,5,8.182160299998941,8.189455299998372,8.189455299998372,0.016644999999698484,9.581458500000736,[np.float64(-0.2916666666666667)],[np.float64(-0.03333333333333333)],[1],[0],[0],[1.3985806000018783],['target'],p2,001,2025-09-30_21h09.57.944,04102024_3.0_Visual Search Task,,2025.1.1,59.93734150404627,2025-09-30 21h10.14.281051 +0530,
6,0,6,[np.float64(-0.021666666666666667)],[np.float64(-0.36583333333333334)],[1],[0],[0],[2.1747063000002527],['target'],6,0,6,0,9.634678300000814,,10,9.622313199997734,9.634678300000814,9.634678300000814,0.0406963999994332,11.797841999999946,[np.float64(-0.021666666666666667)],[np.float64(-0.36583333333333334)],[1],[0],[0],[2.1747063000002527],['target'],p2,001,2025-09-30_21h09.57.944,04102024_3.0_Visual Search Task,,2025.1.1,59.93734150404627,2025-09-30 21h10.14.281051 +0530,
7,0,7,[np.float64(-0.04083333333333333)],[np.float64(0.2783333333333333)],[1],[0],[0],[2.9237976000003982],['target'],7,0,7,0,11.832596500000363,,10,11.825157999999647,11.832596500000363,11.832596500000363,0.027118900001369184,14.74998869999763,[np.float64(-0.04083333333333333)],[np.float64(0.2783333333333333)],[1],[0],[0],[2.9237976000003982],['target'],p2,001,2025-09-30_21h09.57.944,04102024_3.0_Visual Search Task,,2025.1.1,59.93734150404627,2025-09-30 21h10.14.281051 +0530,
8,0,8,[np.float64(0.30333333333333334)],[np.float64(-0.42)],[1],[0],[0],[1.5662903999982518],[None],8,0,8,0,14.771282300000166,,5,14.76461659999768,14.771282300000166,14.771282300000166,0.014376200000697281,16.331797599999845,[np.float64(0.30333333333333334)],[np.float64(-0.42)],[1],[0],[0],[1.5662903999982518],[None],p2,001,2025-09-30_21h09.57.944,04102024_3.0_Visual Search Task,,2025.1.1,59.93734150404627,2025-09-30 21h10.14.281051 +0530,
9,0,9,[np.float64(0.16333333333333333)],[np.float64(-0.11666666666666667)],[1],[0],[0],[1.010226700000203],['target'],9,0,9,0,16.362195199999405,,10,16.353472999999212,16.362195199999405,16.362195199999405,0.0214901999970607,17.364649200000713,[np.float64(0.16333333333333333)],[np.float64(-0.11666666666666667)],[1],[0],[0],[1.010226700000203],['target'],p2,001,2025-09-30_21h09.57.944,04102024_3.0_Visual Search Task,,2025.1.1,59.93734150404627,2025-09-30 21h10.14.281051 +0530,
10,0,10,[np.float64(0.4116666666666667)],[np.float64(-0.29583333333333334)],[1],[0],[0],[1.5706709000005503],[None],10,0,10,0,17.38238839999758,,5,17.377328799997485,17.38238839999758,17.38238839999758,0.012270200000784826,18.94926459999988,[np.float64(0.4116666666666667)],[np.float64(-0.29583333333333334)],[1],[0],[0],[1.5706709000005503],[None],p2,001,2025-09-30_21h09.57.944,04102024_3.0_Visual Search Task,,2025.1.1,59.93734150404627,2025-09-30 21h10.14.281051 +0530,
11,0,11,[np.float64(-0.1275)],[np.float64(0.2791666666666667)],[1],[0],[0],[3.002363100000366],['target'],11,0,11,0,18.96685559999969,,5,18.96208090000073,18.96685559999969,18.96685559999969,0.012577400000736816,21.965773699997953,[np.float64(-0.1275)],[np.float64(0.2791666666666667)],[1],[0],[0],[3.002363100000366],['target'],p2,001,2025-09-30_21h09.57.944,04102024_3.0_Visual Search Task,,2025.1.1,59.93734150404627,2025-09-30 21h10.14.281051 +0530,
12,0,12,[np.float64(-0.175)],[np.float64(0.37333333333333335)],[1],[0],[0],[1.028585000000021],['target'],12,0,12,0,21.99491449999914,,10,21.98719709999932,21.99491449999914,21.99491449999914,0.0211803999991389,23.016875999997865,[np.float64(-0.175)],[np.float64(0.37333333333333335)],[1],[0],[0],[1.028585000000021],['target'],p2,001,2025-09-30_21h09.57.944,04102024_3.0_Visual Search Task,,2025.1.1,59.93734150404627,2025-09-30 21h10.14.281051 +0530,
13,0,13,[np.float64(0.4766666666666667)],[np.float64(-0.14666666666666667)],[1],[0],[0],[1.1797884999978123],['target'],13,0,13,0,23.046079899999313,,5,23.03658969999742,23.046079899999313,23.046079899999313,0.019447000002401182,24.217496299999766,[np.float64(0.4766666666666667)],[np.float64(-0.14666666666666667)],[1],[0],[0],[1.1797884999978123],['target'],p2,001,2025-09-30_21h09.57.944,04102024_3.0_Visual Search Task,,2025.1.1,59.93734150404627,2025-09-30 21h10.14.281051 +0530,
14,0,14,[np.float64(0.36)],[np.float64(0.018333333333333333)],[1],[0],[0],[1.3664668999990681],['target'],14,0,14,0,24.261959299998125,,10,24.248948699998436,24.261959299998125,24.261959299998125,0.03124319999915315,25.6164792999989,[np.float64(0.36)],[np.float64(0.018333333333333333)],[1],[0],[0],[1.3664668999990681],['target'],p2,001,2025-09-30_21h09.57.944,04102024_3.0_Visual Search Task,,2025.1.1,59.93734150404627,2025-09-30 21h10.14.281051 +0530,
15,0,15,[np.float64(-0.38166666666666665)],[np.float64(-0.43666666666666665)],[1],[0],[0],[2.4824440000011236],['target'],15,0,15,0,25.6625168999999,,10,25.648430400000507,25.6625168999999,25.6625168999999,0.031694199999037664,28.131944000000658,[np.float64(-0.38166666666666665)],[np.float64(-0.43666666666666665)],[1],[0],[0],[2.4824440000011236],['target'],p2,001,2025-09-30_21h09.57.944,04102024_3.0_Visual Search Task,,2025.1.1,59.93734150404627,2025-09-30 21h10.14.281051 +0530,
16,0,16,[np.float64(0.08833333333333333)],[np.float64(-0.10916666666666666)],[1],[0],[0],[2.7522539000019606],[None],16,0,16,0,28.175649000000703,,10,28.16172749999896,28.175649000000703,28.175649000000703,0.029533799999626353,30.91489829999773,[np.float64(0.08833333333333333)],[np.float64(-0.10916666666666666)],[1],[0],[0],[2.7522539000019606],[None],p2,001,2025-09-30_21h09.57.944,04102024_3.0_Visual Search Task,,2025.1.1,59.93734150404627,2025-09-30 21h10.14.281051 +0530,
17,0,17,[np.float64(-0.2966666666666667)],[np.float64(-0.36083333333333334)],[1],[0],[0],[1.476185899999109],['target'],17,0,17,0,30.973867699998664,,10,30.95567210000081,30.973867699998664,30.973867699998664,0.04060839999874588,32.43284649999987,[np.float64(-0.2966666666666667)],[np.float64(-0.36083333333333334)],[1],[0],[0],[1.476185899999109],['target'],p2,001,2025-09-30_21h09.57.944,04102024_3.0_Visual Search Task,,2025.1.1,59.93734150404627,2025-09-30 21h10.14.281051 +0530,
18,0,18,[np.float64(0.28)],[np.float64(0.375)],[1],[0],[0],[2.6264989000010246],['target'],18,0,18,0,32.46765690000029,,10,32.45620449999842,32.46765690000029,32.46765690000029,0.023083799998858012,35.08375059999889,[np.float64(0.28)],[np.float64(0.375)],[1],[0],[0],[2.6264989000010246],['target'],p2,001,2025-09-30_21h09.57.944,04102024_3.0_Visual Search Task,,2025.1.1,59.93734150404627,2025-09-30 21h10.14.281051 +0530,
19,0,19,[np.float64(-0.43166666666666664)],[np.float64(0.3333333333333333)],[1],[0],[0],[1.6405739000001631],['target'],19,0,19,0,35.11659049999798,,10,35.106127600000036,35.11659049999798,35.11659049999798,0.02212130000043544,36.7477536999977,[np.float64(-0.43166666666666664)],[np.float64(0.3333333333333333)],[1],[0],[0],[1.6405739000001631],['target'],p2,001,2025-09-30_21h09.57.944,04102024_3.0_Visual Search Task,,2025.1.1,59.93734150404627,2025-09-30 21h10.14.281051 +0530,
20,0,20,[np.float64(-0.19666666666666666)],[np.float64(0.03333333333333333)],[1],[0],[0],[1.3361351999992621],['target'],20,0,20,0,36.76651349999884,,5,36.760839899998246,36.76651349999884,36.76651349999884,0.012832600001274841,38.09813059999942,[np.float64(-0.19666666666666666)],[np.float64(0.03333333333333333)],[1],[0],[0],[1.3361351999992621],['target'],p2,001,2025-09-30_21h09.57.944,04102024_3.0_Visual Search Task,,2025.1.1,59.93734150404627,2025-09-30 21h10.14.281051 +0530,
21,0,21,[np.float64(0.1675)],[np.float64(-0.15916666666666668)],[1],[0],[0],[3.077051600001141],['target'],21,0,21,0,38.128847799998766,,10,38.11928540000008,38.128847799998766,38.128847799998766,0.020762500000273576,41.19721949999803,[np.float64(0.1675)],[np.float64(-0.15916666666666668)],[1],[0],[0],[3.077051600001141],['target'],p2,001,2025-09-30_21h09.57.944,04102024_3.0_Visual Search Task,,2025.1.1,59.93734150404627,2025-09-30 21h10.14.281051 +0530,
22,0,22,[np.float64(-0.3925)],[np.float64(-0.08583333333333333)],[1],[0],[0],[1.8366427999972075],['target'],22,0,22,0,41.21582049999779,,5,41.20976519999749,41.21582049999779,41.21582049999779,0.01206570000067586,43.046885399999155,[np.float64(-0.3925)],[np.float64(-0.08583333333333333)],[1],[0],[0],[1.8366427999972075],['target'],p2,001,2025-09-30_21h09.57.944,04102024_3.0_Visual Search Task,,2025.1.1,59.93734150404627,2025-09-30 21h10.14.281051 +0530,
23,0,23,[np.float64(0.45)],[np.float64(0.0875)],[1],[0],[0],[1.520863300000201],['target'],23,0,23,0,43.06664209999872,,5,43.05988240000079,43.06664209999872,43.06664209999872,0.01287899999806541,44.58169469999848,[np.float64(0.45)],[np.float64(0.0875)],[1],[0],[0],[1.520863300000201],['target'],p2,001,2025-09-30_21h09.57.944,04102024_3.0_Visual Search Task,,2025.1.1,59.93734150404627,2025-09-30 21h10.14.281051 +0530,
24,0,24,[np.float64(0.3591666666666667)],[np.float64(0.4083333333333333)],[1],[0],[0],[1.3935564999992494],['target'],24,0,24,0,44.61385209999935,,5,44.60467829999834,44.61385209999935,44.61385209999935,0.02264160000049742,45.99923249999847,[np.float64(0.3591666666666667)],[np.float64(0.4083333333333333)],[1],[0],[0],[1.3935564999992494],['target'],p2,001,2025-09-30_21h09.57.944,04102024_3.0_Visual Search Task,,2025.1.1,59.93734150404627,2025-09-30 21h10.14.281051 +0530,
25,0,25,[np.float64(0.07333333333333333)],[np.float64(0.028333333333333332)],[1],[0],[0],[2.428927900000417],['target'],25,0,25,0,46.047775200000615,,10,46.03368369999953,46.047775200000615,46.047775200000615,0.03422669999781647,48.463115700000344,[np.float64(0.07333333333333333)],[np.float64(0.028333333333333332)],[1],[0],[0],[2.428927900000417],['target'],p2,001,2025-09-30_21h09.57.944,04102024_3.0_Visual Search Task,,2025.1.1,59.93734150404627,2025-09-30 21h10.14.281051 +0530,
26,0,26,[np.float64(-0.3525)],[np.float64(0.035)],[1],[0],[0],[1.7324238999972295],['target'],26,0,26,0,48.490266599997994,,10,48.48149719999856,48.490266599997994,48.490266599997994,0.018244399998366134,50.2150765999977,[np.float64(-0.3525)],[np.float64(0.035)],[1],[0],[0],[1.7324238999972295],['target'],p2,001,2025-09-30_21h09.57.944,04102024_3.0_Visual Search Task,,2025.1.1,59.93734150404627,2025-09-30 21h10.14.281051 +0530,
27,0,27,[np.float64(-0.335)],[np.float64(-0.10166666666666667)],[1],[0],[0],[1.5179582999990089],['target'],27,0,27,0,50.25937839999824,,10,50.24575510000068,50.25937839999824,50.25937839999824,0.030274400000052992,51.76470060000065,[np.float64(-0.335)],[np.float64(-0.10166666666666667)],[1],[0],[0],[1.5179582999990089],['target'],p2,001,2025-09-30_21h09.57.944,04102024_3.0_Visual Search Task,,2025.1.1,59.93734150404627,2025-09-30 21h10.14.281051 +0530,
28,0,28,[np.float64(-0.0825)],[np.float64(-0.30416666666666664)],[1],[0],[0],[1.5968906999987666],['target'],28,0,28,0,51.79260380000051,,10,51.78387239999938,51.79260380000051,51.79260380000051,0.01897829999870737,53.38194519999888,[np.float64(-0.0825)],[np.float64(-0.30416666666666664)],[1],[0],[0],[1.5968906999987666],['target'],p2,001,2025-09-30_21h09.57.944,04102024_3.0_Visual Search Task,,2025.1.1,59.93734150404627,2025-09-30 21h10.14.281051 +0530,
29,0,29,[np.float64(-0.1725)],[np.float64(-0.028333333333333332)],[1],[0],[0],[2.502176900001359],['target'],29,0,29,0,53.42430450000029,,10,53.41145119999783,53.42430450000029,53.42430450000029,0.029086099999403814,55.914781600000424,[np.float64(-0.1725)],[np.float64(-0.028333333333333332)],[1],[0],[0],[2.502176900001359],['target'],p2,001,2025-09-30_21h09.57.944,04102024_3.0_Visual Search Task,,2025.1.1,59.93734150404627,2025-09-30 21h10.14.281051 +0530,
30,0,30,[np.float64(-0.21333333333333335)],[np.float64(0.155)],[1],[0],[0],[1.128173600001901],['target'],30,0,30,0,55.94429649999802,,10,55.93498069999987,55.94429649999802,55.94429649999802,0.019980699998995988,57.06400450000001,[np.float64(-0.21333333333333335)],[np.float64(0.155)],[1],[0],[0],[1.128173600001901],['target'],p2,001,2025-09-30_21h09.57.944,04102024_3.0_Visual Search Task,,2025.1.1,59.93734150404627,2025-09-30 21h10.14.281051 +0530,
31,0,31,[np.float64(-0.0033333333333333335)],[np.float64(-0.0825)],[1],[0],[0],[1.9201800000009825],['target'],31,0,31,0,57.08269469999868,,5,57.07697980000012,57.08269469999868,57.08269469999868,0.012715299999399576,58.99806779999926,[np.float64(-0.0033333333333333335)],[np.float64(-0.0825)],[1],[0],[0],[1.9201800000009825],['target'],p2,001,2025-09-30_21h09.57.944,04102024_3.0_Visual Search Task,,2025.1.1,59.93734150404627,2025-09-30 21h10.14.281051 +0530,
32,0,32,[np.float64(-0.14)],[np.float64(0.18583333333333332)],[1],[0],[0],[1.412218599998596],['target'],32,0,32,0,59.027514400000655,,10,59.01816870000039,59.027514400000655,59.027514400000655,0.019799999998213025,60.43149889999768,[np.float64(-0.14)],[np.float64(0.18583333333333332)],[1],[0],[0],[1.412218599998596],['target'],p2,001,2025-09-30_21h09.57.944,04102024_3.0_Visual Search Task,,2025.1.1,59.93734150404627,2025-09-30 21h10.14.281051 +0530,
33,0,33,[np.float64(0.45)],[np.float64(0.04083333333333333)],[1],[0],[0],[1.7500351999988197],['target'],33,0,33,0,60.458153100000345,,5,60.448077599998214,60.458153100000345,60.458153100000345,0.016369000000850065,62.19905169999765,[np.float64(0.45)],[np.float64(0.04083333333333333)],[1],[0],[0],[1.7500351999988197],['target'],p2,001,2025-09-30_21h09.57.944,04102024_3.0_Visual Search Task,,2025.1.1,59.93734150404627,2025-09-30 21h10.14.281051 +0530,
34,0,34,[np.float64(-0.39666666666666667)],[np.float64(-0.06416666666666666)],[1],[0],[0],[1.5506370999974024],['target'],34,0,34,0,62.24427669999932,,10,62.23008420000042,62.24427669999932,62.24427669999932,0.030668200000945944,63.78155879999758,[np.float64(-0.39666666666666667)],[np.float64(-0.06416666666666666)],[1],[0],[0],[1.5506370999974024],['target'],p2,001,2025-09-30_21h09.57.944,04102024_3.0_Visual Search Task,,2025.1.1,59.93734150404627,2025-09-30 21h10.14.281051 +0530,
35,0,35,[np.float64(-0.21583333333333332)],[np.float64(0.19)],[1],[0],[0],[1.1861858000011125],['target'],35,0,35,0,63.79911069999798,,5,63.793811199997435,63.79911069999798,63.79911069999798,0.011972200001764577,64.98101099999985,[np.float64(-0.21583333333333332)],[np.float64(0.19)],[1],[0],[0],[1.1861858000011125],['target'],p2,001,2025-09-30_21h09.57.944,04102024_3.0_Visual Search Task,,2025.1.1,59.93734150404627,2025-09-30 21h10.14.281051 +0530,
36,0,36,[np.float64(-0.12416666666666666)],[np.float64(0.20166666666666666)],[1],[0],[0],[2.613451299999724],['target'],36,0,36,0,65.0116366000002,,10,65.00124349999896,65.0116366000002,65.0116366000002,0.019853300000249874,67.61547979999887,[np.float64(-0.12416666666666666)],[np.float64(0.20166666666666666)],[1],[0],[0],[2.613451299999724],['target'],p2,001,2025-09-30_21h09.57.944,04102024_3.0_Visual Search Task,,2025.1.1,59.93734150404627,2025-09-30 21h10.14.281051 +0530,
37,0,37,[np.float64(-0.44083333333333335)],[np.float64(0.32166666666666666)],[1],[0],[0],[1.5251577999988513],['target'],37,0,37,0,67.64579329999833,,10,67.63730170000053,67.64579329999833,67.64579329999833,0.02157160000206204,69.1632346999977,[np.float64(-0.44083333333333335)],[np.float64(0.32166666666666666)],[1],[0],[0],[1.5251577999988513],['target'],p2,001,2025-09-30_21h09.57.944,04102024_3.0_Visual Search Task,,2025.1.1,59.93734150404627,2025-09-30 21h10.14.281051 +0530,
38,0,38,[np.float64(0.2075)],[np.float64(-0.245)],[1],[0],[0],[2.2112054000026546],['target'],38,0,38,0,69.22002919999795,,10,69.20311220000076,69.22002919999795,69.22002919999795,0.03969620000134455,71.41522260000056,[np.float64(0.2075)],[np.float64(-0.245)],[1],[0],[0],[2.2112054000026546],['target'],p2,001,2025-09-30_21h09.57.944,04102024_3.0_Visual Search Task,,2025.1.1,59.93734150404627,2025-09-30 21h10.14.281051 +0530,
39,0,39,[np.float64(-0.31333333333333335)],[np.float64(0.38416666666666666)],[1],[0],[0],[1.4290001999979722],[None],39,0,39,0,71.44246239999848,,10,71.43426039999758,71.44246239999848,71.44246239999848,0.018820199999026954,72.86431739999898,[np.float64(-0.31333333333333335)],[np.float64(0.38416666666666666)],[1],[0],[0],[1.4290001999979722],[None],p2,001,2025-09-30_21h09.57.944,04102024_3.0_Visual Search Task,,2025.1.1,59.93734150404627,2025-09-30 21h10.14.281051 +0530,
40,0,40,[np.float64(0.5766666666666667)],[np.float64(-0.49416666666666664)],[1],[0],[0],[1.5122400000000198],[None],40,0,40,0,72.89458499999819,,10,72.8843171999979,72.89458499999819,72.89458499999819,0.01955630000156816,74.39738059999945,[np.float64(0.5766666666666667)],[np.float64(-0.49416666666666664)],[1],[0],[0],[1.5122400000000198],[None],p2,001,2025-09-30_21h09.57.944,04102024_3.0_Visual Search Task,,2025.1.1,59.93734150404627,2025-09-30 21h10.14.281051 +0530,
41,0,41,[np.float64(-0.195)],[np.float64(-0.0225)],[1],[0],[0],[1.7380391999977292],[None],41,0,41,0,74.41497560000062,,5,74.40905349999957,74.41497560000062,74.41497560000062,0.011464800001704134,76.14824600000065,[np.float64(-0.195)],[np.float64(-0.0225)],[1],[0],[0],[1.7380391999977292],[None],p2,001,2025-09-30_21h09.57.944,04102024_3.0_Visual Search Task,,2025.1.1,59.93734150404627,2025-09-30 21h10.14.281051 +0530,
42,0,42,[np.float64(0.48583333333333334)],[np.float64(-0.4866666666666667)],[1],[0],[0],[1.9544559000023582],['target'],42,0,42,0,76.20667269999831,,10,76.19206459999987,76.20667269999831,76.20667269999831,0.04359259999910137,78.14742760000081,[np.float64(0.48583333333333334)],[np.float64(-0.4866666666666667)],[1],[0],[0],[1.9544559000023582],['target'],p2,001,2025-09-30_21h09.57.944,04102024_3.0_Visual Search Task,,2025.1.1,59.93734150404627,2025-09-30 21h10.14.281051 +0530,
43,0,43,[np.float64(-0.1775)],[np.float64(0.2633333333333333)],[1],[0],[0],[1.4815801000004285],[None],43,0,43,0,78.17473819999941,,5,78.16542330000084,78.17473819999941,78.17473819999941,0.01766900000075111,79.64797859999817,[np.float64(-0.1775)],[np.float64(0.2633333333333333)],[1],[0],[0],[1.4815801000004285],[None],p2,001,2025-09-30_21h09.57.944,04102024_3.0_Visual Search Task,,2025.1.1,59.93734150404627,2025-09-30 21h10.14.281051 +0530,
44,0,44,[np.float64(-0.44083333333333335)],[np.float64(-0.17916666666666667)],[1],[0],[0],[1.1976055999984965],['target'],44,0,44,0,79.67355580000003,,5,79.66476119999788,79.67355580000003,79.67355580000003,0.01650040000095032,80.86293359999763,[np.float64(-0.44083333333333335)],[np.float64(-0.17916666666666667)],[1],[0],[0],[1.1976055999984965],['target'],p2,001,2025-09-30_21h09.57.944,04102024_3.0_Visual Search Task,,2025.1.1,59.93734150404627,2025-09-30 21h10.14.281051 +0530,
45,0,45,[np.float64(-0.4033333333333333)],[np.float64(0.3775)],[1],[0],[0],[2.5994140000002517],['target'],45,0,45,0,80.88867409999875,,10,80.8805743999983,80.88867409999875,80.88867409999875,0.01754550000259769,83.48102239999935,[np.float64(-0.4033333333333333)],[np.float64(0.3775)],[1],[0],[0],[2.5994140000002517],['target'],p2,001,2025-09-30_21h09.57.944,04102024_3.0_Visual Search Task,,2025.1.1,59.93734150404627,2025-09-30 21h10.14.281051 +0530,
46,0,46,[np.float64(0.3283333333333333)],[np.float64(0.11333333333333333)],[1],[0],[0],[1.3410403999987466],['target'],46,0,46,0,83.53624800000034,,10,83.52175349999743,83.53624800000034,83.53624800000034,0.040503200001694495,84.86364359999789,[np.float64(0.3283333333333333)],[np.float64(0.11333333333333333)],[1],[0],[0],[1.3410403999987466],['target'],p2,001,2025-09-30_21h09.57.944,04102024_3.0_Visual Search Task,,2025.1.1,59.93734150404627,2025-09-30 21h10.14.281051 +0530,
47,0,47,[np.float64(0.2833333333333333)],[np.float64(-0.23666666666666666)],[1],[0],[0],[2.975644599999214],['target'],47,0,47,0,84.91382589999921,,10,84.90296709999893,84.91382589999921,84.91382589999921,0.03910159999941243,87.87930589999814,[np.float64(0.2833333333333333)],[np.float64(-0.23666666666666666)],[1],[0],[0],[2.975644599999214],['target'],p2,001,2025-09-30_21h09.57.944,04102024_3.0_Visual Search Task,,2025.1.1,59.93734150404627,2025-09-30 21h10.14.281051 +0530,
48,0,48,[np.float64(-0.22916666666666666)],[np.float64(0.35833333333333334)],[1],[0],[0],[2.1499198999990767],['target'],48,0,48,0,87.90556690000085,,10,87.89705839999806,87.90556690000085,87.90556690000085,0.017607400000997586,90.04800690000047,[np.float64(-0.22916666666666666)],[np.float64(0.35833333333333334)],[1],[0],[0],[2.1499198999990767],['target'],p2,001,2025-09-30_21h09.57.944,04102024_3.0_Visual Search Task,,2025.1.1,59.93734150404627,2025-09-30 21h10.14.281051 +0530,
49,0,49,[np.float64(-0.4691666666666667)],[np.float64(0.16)],[1],[0],[0],[1.7978887000026589],['target'],49,0,49,0,90.09613609999724,,10,90.0812963999997,90.09613609999724,90.09613609999724,0.03290540000307374,91.88022759999876,[np.float64(-0.4691666666666667)],[np.float64(0.16)],[1],[0],[0],[1.7978887000026589],['target'],p2,001,2025-09-30_21h09.57.944,04102024_3.0_Visual Search Task,,2025.1.1,59.93734150404627,2025-09-30 21h10.14.281051 +0530,
50,0,50,[np.float64(0.18583333333333332)],[np.float64(0.0825)],[1],[0],[0],[2.1844106999997166],['target'],50,0,50,0,91.90555590000076,,5,91.89720300000045,91.90555590000076,91.90555590000076,0.016719799998099916,94.0826147000007,[np.float64(0.18583333333333332)],[np.float64(0.0825)],[1],[0],[0],[2.1844106999997166],['target'],p2,001,2025-09-30_21h09.57.944,04102024_3.0_Visual Search Task,,2025.1.1,59.93734150404627,2025-09-30 21h10.14.281051 +0530,
51,0,51,[np.float64(-0.49666666666666665)],[np.float64(0.3475)],[1],[0],[0],[1.7244386999991548],['target'],51,0,51,0,94.11352690000058,,10,94.10462619999817,94.11352690000058,94.11352690000058,0.02179949999845121,95.83004559999972,[np.float64(-0.49666666666666665)],[np.float64(0.3475)],[1],[0],[0],[1.7244386999991548],['target'],p2,001,2025-09-30_21h09.57.944,04102024_3.0_Visual Search Task,,2025.1.1,59.93734150404627,2025-09-30 21h10.14.281051 +0530,
52,0,52,[np.float64(0.35083333333333333)],[np.float64(-0.24833333333333332)],[1],[0],[0],[1.3532912000009674],['target'],52,0,52,0,95.84986260000005,,5,95.84413479999785,95.84986260000005,95.84986260000005,0.013699600000109058,97.19855219999954,[np.float64(0.35083333333333333)],[np.float64(-0.24833333333333332)],[1],[0],[0],[1.3532912000009674],['target'],p2,001,2025-09-30_21h09.57.944,04102024_3.0_Visual Search Task,,2025.1.1,59.93734150404627,2025-09-30 21h10.14.281051 +0530,
53,0,53,[np.float64(0.27666666666666667)],[np.float64(-0.2775)],[1],[0],[0],[1.1815462000013213],['target'],53,0,53,0,97.24456049999935,,10,97.23020239999823,97.24456049999935,97.24456049999935,0.03144050000264542,98.41274329999942,[np.float64(0.27666666666666667)],[np.float64(-0.2775)],[1],[0],[0],[1.1815462000013213],['target'],p2,001,2025-09-30_21h09.57.944,04102024_3.0_Visual Search Task,,2025.1.1,59.93734150404627,2025-09-30 21h10.14.281051 +0530,
54,0,54,[np.float64(0.035833333333333335)],[np.float64(0.4191666666666667)],[1],[0],[0],[1.838773700001184],['target'],54,0,54,0,98.45540599999731,,10,98.44177900000068,98.45540599999731,98.45540599999731,0.028822500000387663,100.2815327999997,[np.float64(0.035833333333333335)],[np.float64(0.4191666666666667)],[1],[0],[0],[1.838773700001184],['target'],p2,001,2025-09-30_21h09.57.944,04102024_3.0_Visual Search Task,,2025.1.1,59.93734150404627,2025-09-30 21h10.14.281051 +0530,
55,0,55,[np.float64(-0.15416666666666667)],[np.float64(0.05)],[1],[0],[0],[1.5950817000011739],['target'],55,0,55,0,100.31064509999851,,10,100.30215889999818,100.31064509999851,100.31064509999851,0.02019300000029034,101.89796659999774,[np.float64(-0.15416666666666667)],[np.float64(0.05)],[1],[0],[0],[1.5950817000011739],['target'],p2,001,2025-09-30_21h09.57.944,04102024_3.0_Visual Search Task,,2025.1.1,59.93734150404627,2025-09-30 21h10.14.281051 +0530,
56,0,56,[np.float64(-0.21083333333333334)],[np.float64(0.27)],[1],[0],[0],[1.2670003000021097],['target'],56,0,56,0,101.91765699999814,,5,101.91170259999853,101.91765699999814,101.91765699999814,0.013489400000253227,103.17954059999829,[np.float64(-0.21083333333333334)],[np.float64(0.27)],[1],[0],[0],[1.2670003000021097],['target'],p2,001,2025-09-30_21h09.57.944,04102024_3.0_Visual Search Task,,2025.1.1,59.93734150404627,2025-09-30 21h10.14.281051 +0530,
57,0,57,[np.float64(-0.14166666666666666)],[np.float64(-0.26666666666666666)],[1],[0],[0],[1.6229869999988296],['target'],57,0,57,0,103.20038159999967,,5,103.19114289999925,103.20038159999967,103.20038159999967,0.011405000001104781,104.8150934999976,[np.float64(-0.14166666666666666)],[np.float64(-0.26666666666666666)],[1],[0],[0],[1.6229869999988296],['target'],p2,001,2025-09-30_21h09.57.944,04102024_3.0_Visual Search Task,,2025.1.1,59.93734150404627,2025-09-30 21h10.14.281051 +0530,
58,0,58,[np.float64(0.21333333333333335)],[np.float64(-0.3)],[1],[0],[0],[1.4466061000021],[None],58,0,58,0,104.8411199000002,,5,104.83310639999763,104.8411199000002,104.8411199000002,0.017772200000763405,106.28052089999983,[np.float64(0.21333333333333335)],[np.float64(-0.3)],[1],[0],[0],[1.4466061000021],[None],p2,001,2025-09-30_21h09.57.944,04102024_3.0_Visual Search Task,,2025.1.1,59.93734150404627,2025-09-30 21h10.14.281051 +0530,
59,0,59,[np.float64(-0.31833333333333336)],[np.float64(0.22)],[1],[0],[0],[1.5679158999992069],['target'],59,0,59,0,106.32585299999846,,10,106.3122059999987,106.32585299999846,106.32585299999846,0.03150090000053751,107.88110719999895,[np.float64(-0.31833333333333336)],[np.float64(0.22)],[1],[0],[0],[1.5679158999992069],['target'],p2,001,2025-09-30_21h09.57.944,04102024_3.0_Visual Search Task,,2025.1.1,59.93734150404627,2025-09-30 21h10.14.281051 +0530,
60,0,60,[np.float64(0.13833333333333334)],[np.float64(0.5)],[1],[0],[0],[6.967886600003112],[None],60,0,60,0,107.92538739999873,,10,107.91078999999809,107.92538739999873,107.92538739999873,0.029455500000040047,114.87967959999878,[np.float64(0.13833333333333334)],[np.float64(0.5)],[1],[0],[0],[6.967886600003112],[None],p2,001,2025-09-30_21h09.57.944,04102024_3.0_Visual Search Task,,2025.1.1,59.93734150404627,2025-09-30 21h10.14.281051 +0530,
61,0,61,[np.float64(-0.15166666666666667)],[np.float64(0.09833333333333333)],[1],[0],[0],[1.4530814999998256],['target'],61,0,61,0,114.89903649999906,,5,114.89283729999806,114.89903649999906,114.89903649999906,0.012695299999904819,116.34698600000047,[np.float64(-0.15166666666666667)],[np.float64(0.09833333333333333)],[1],[0],[0],[1.4530814999998256],['target'],p2,001,2025-09-30_21h09.57.944,04102024_3.0_Visual Search Task,,2025.1.1,59.93734150404627,2025-09-30 21h10.14.281051 +0530,
62,0,62,[np.float64(0.17833333333333334)],[np.float64(0.40166666666666667)],[1],[0],[0],[1.3493944000001648],['target'],62,0,62,0,116.37275629999931,,5,116.36332810000022,116.37275629999931,116.37275629999931,0.016180099999473896,117.7138292999989,[np.float64(0.17833333333333334)],[np.float64(0.40166666666666667)],[1],[0],[0],[1.3493944000001648],['target'],p2,001,2025-09-30_21h09.57.944,04102024_3.0_Visual Search Task,,2025.1.1,59.93734150404627,2025-09-30 21h10.14.281051 +0530,
63,0,63,[np.float64(-0.05583333333333333)],[np.float64(0.11333333333333333)],[1],[0],[0],[1.2863495999990846],['target'],63,0,63,0,117.73261009999987,,5,117.72671409999748,117.73261009999987,117.73261009999987,0.012688499999057967,119.01418579999881,[np.float64(-0.05583333333333333)],[np.float64(0.11333333333333333)],[1],[0],[0],[1.2863495999990846],['target'],p2,001,2025-09-30_21h09.57.944,04102024_3.0_Visual Search Task,,2025.1.1,59.93734150404627,2025-09-30 21h10.14.281051 +0530,
64,0,64,[np.float64(-0.14833333333333334)],[np.float64(-0.4508333333333333)],[1],[0],[0],[1.9977844000022742],['target'],64,0,64,0,119.04073979999885,,5,119.03213680000044,119.04073979999885,119.04073979999885,0.017610799997783033,121.03114599999753,[np.float64(-0.14833333333333334)],[np.float64(-0.4508333333333333)],[1],[0],[0],[1.9977844000022742],['target'],p2,001,2025-09-30_21h09.57.944,04102024_3.0_Visual Search Task,,2025.1.1,59.93734150404627,2025-09-30 21h10.14.281051 +0530,
65,0,65,[np.float64(0.17666666666666667)],[np.float64(-0.0775)],[1],[0],[0],[3.8314094000015757],['target'],65,0,65,0,121.07723859999896,,10,121.0634057999996,121.07723859999896,121.07723859999896,0.03202939999755472,124.89571699999942,[np.float64(0.17666666666666667)],[np.float64(-0.0775)],[1],[0],[0],[3.8314094000015757],['target'],p2,001,2025-09-30_21h09.57.944,04102024_3.0_Visual Search Task,,2025.1.1,59.93734150404627,2025-09-30 21h10.14.281051 +0530,
66,0,66,[np.float64(-0.45)],[np.float64(-0.2658333333333333)],[1],[0],[0],[2.1139726000001247],['target'],66,0,66,0,124.95161939999889,,10,124.93119540000043,124.95161939999889,124.95161939999889,0.03518679999979213,127.04563559999951,[np.float64(-0.45)],[np.float64(-0.2658333333333333)],[1],[0],[0],[2.1139726000001247],['target'],p2,001,2025-09-30_21h09.57.944,04102024_3.0_Visual Search Task,,2025.1.1,59.93734150404627,2025-09-30 21h10.14.281051 +0530,
67,0,67,[np.float64(-0.0825)],[np.float64(-0.49083333333333334)],[1],[0],[0],[1.6672807999966608],['target'],67,0,67,0,127.06920809999792,,5,127.06151699999828,127.06920809999792,127.06920809999792,0.015697900002123788,128.72935890000008,[np.float64(-0.0825)],[np.float64(-0.49083333333333334)],[1],[0],[0],[1.6672807999966608],['target'],p2,001,2025-09-30_21h09.57.944,04102024_3.0_Visual Search Task,,2025.1.1,59.93734150404627,2025-09-30 21h10.14.281051 +0530,
68,0,68,[np.float64(0.0375)],[np.float64(-0.19)],[1],[0],[0],[1.9764042999995581],['target'],68,0,68,0,128.76517149999927,,10,128.75190210000073,128.76517149999927,128.76517149999927,0.022432999998272862,130.7293209999989,[np.float64(0.0375)],[np.float64(-0.19)],[1],[0],[0],[1.9764042999995581],['target'],p2,001,2025-09-30_21h09.57.944,04102024_3.0_Visual Search Task,,2025.1.1,59.93734150404627,2025-09-30 21h10.14.281051 +0530,
69,0,69,[np.float64(0.4033333333333333)],[np.float64(-0.43416666666666665)],[1],[0],[0],[1.7215279000010923],['target'],69,0,69,0,130.7831985999983,,10,130.77390359999845,130.7831985999983,130.7831985999983,0.04430729999876348,132.4962334999982,[np.float64(0.4033333333333333)],[np.float64(-0.43416666666666665)],[1],[0],[0],[1.7215279000010923],['target'],p2,001,2025-09-30_21h09.57.944,04102024_3.0_Visual Search Task,,2025.1.1,59.93734150404627,2025-09-30 21h10.14.281051 +0530,
70,0,70,[np.float64(0.26166666666666666)],[np.float64(0.0325)],[1],[0],[0],[1.2821145999987493],['target'],70,0,70,0,132.5230496999975,,5,132.5134584999978,132.5230496999975,132.5230496999975,0.017058500001439825,133.7962038000005,[np.float64(0.26166666666666666)],[np.float64(0.0325)],[1],[0],[0],[1.2821145999987493],['target'],p2,001,2025-09-30_21h09.57.944,04102024_3.0_Visual Search Task,,2025.1.1,59.93734150404627,2025-09-30 21h10.14.281051 +0530,
71,0,71,[np.float64(0.43333333333333335)],[np.float64(-0.11583333333333333)],[1],[0],[0],[1.0851351999990584],[None],71,0,71,0,133.81674170000042,,5,133.81027829999948,133.81674170000042,133.81674170000042,0.013965099999040831,134.89638859999832,[np.float64(0.43333333333333335)],[np.float64(-0.11583333333333333)],[1],[0],[0],[1.0851351999990584],[None],p2,001,2025-09-30_21h09.57.944,04102024_3.0_Visual Search Task,,2025.1.1,59.93734150404627,2025-09-30 21h10.14.281051 +0530,
72,0,72,[np.float64(0.18583333333333332)],[np.float64(-0.475)],[1],[0],[0],[1.322527500000433],['target'],72,0,72,0,134.9120632999984,,5,134.90645799999766,134.9120632999984,134.9120632999984,0.009879200002615107,136.23006299999906,[np.float64(0.18583333333333332)],[np.float64(-0.475)],[1],[0],[0],[1.322527500000433],['target'],p2,001,2025-09-30_21h09.57.944,04102024_3.0_Visual Search Task,,2025.1.1,59.93734150404627,2025-09-30 21h10.14.281051 +0530,
73,0,73,[np.float64(0.2725)],[np.float64(-0.17583333333333334)],[1],[0],[0],[1.2168043999990914],['target'],73,0,73,0,136.252990099998,,5,136.2459080999979,136.252990099998,136.252990099998,0.015606000000843778,137.46334509999724,[np.float64(0.2725)],[np.float64(-0.17583333333333334)],[1],[0],[0],[1.2168043999990914],['target'],p2,001,2025-09-30_21h09.57.944,04102024_3.0_Visual Search Task,,2025.1.1,59.93734150404627,2025-09-30 21h10.14.281051 +0530,
74,0,74,[np.float64(0.40166666666666667)],[np.float64(-0.05416666666666667)],[1],[0],[0],[1.1283329999969283],['target'],74,0,74,0,137.49436539999806,,10,137.48473459999877,137.49436539999806,137.49436539999806,0.021174099998461315,138.61401900000055,[np.float64(0.40166666666666667)],[np.float64(-0.05416666666666667)],[1],[0],[0],[1.1283329999969283],['target'],p2,001,2025-09-30_21h09.57.944,04102024_3.0_Visual Search Task,,2025.1.1,59.93734150404627,2025-09-30 21h10.14.281051 +0530,
75,0,75,[np.float64(0.2775)],[np.float64(-0.315)],[1],[0],[0],[1.1518494999982067],['target'],75,0,75,0,138.6321100999994,,5,138.62581999999747,138.6321100999994,138.6321100999994,0.011568699999770615,139.7783348999983,[np.float64(0.2775)],[np.float64(-0.315)],[1],[0],[0],[1.1518494999982067],['target'],p2,001,2025-09-30_21h09.57.944,04102024_3.0_Visual Search Task,,2025.1.1,59.93734150404627,2025-09-30 21h10.14.281051 +0530,
76,0,76,[np.float64(-0.43)],[np.float64(0.18416666666666667)],[1],[0],[0],[1.6244035000017902],['target'],76,0,76,0,139.79318169999897,,5,139.78726819999792,139.79318169999897,139.79318169999897,0.008826600002066698,141.412834499999,[np.float64(-0.43)],[np.float64(0.18416666666666667)],[1],[0],[0],[1.6244035000017902],['target'],p2,001,2025-09-30_21h09.57.944,04102024_3.0_Visual Search Task,,2025.1.1,59.93734150404627,2025-09-30 21h10.14.281051 +0530,
77,0,77,[np.float64(0.041666666666666664)],[np.float64(0.10166666666666667)],[1],[0],[0],[1.3273200000003271],[None],77,0,77,0,141.44408399999884,,10,141.43524289999914,141.44408399999884,141.44408399999884,0.022192899999936344,142.76348080000025,[np.float64(0.041666666666666664)],[np.float64(0.10166666666666667)],[1],[0],[0],[1.3273200000003271],[None],p2,001,2025-09-30_21h09.57.944,04102024_3.0_Visual Search Task,,2025.1.1,59.93734150404627,2025-09-30 21h10.14.281051 +0530,
78,0,78,[np.float64(-0.09166666666666666)],[np.float64(0.25833333333333336)],[1],[0],[0],[0.994551899999351],['target'],78,0,78,0,142.79116140000042,,10,142.78366409999944,142.79116140000042,142.79116140000042,0.01995869999882416,143.77882920000047,[np.float64(-0.09166666666666666)],[np.float64(0.25833333333333336)],[1],[0],[0],[0.994551899999351],['target'],p2,001,2025-09-30_21h09.57.944,04102024_3.0_Visual Search Task,,2025.1.1,59.93734150404627,2025-09-30 21h10.14.281051 +0530,
79,0,79,[np.float64(-0.4716666666666667)],[np.float64(-0.29333333333333333)],[1],[0],[0],[1.6123873999968055],['target'],79,0,79,0,143.8099091999975,,10,143.80074479999894,143.8099091999975,143.8099091999975,0.021788500002003275,145.41399570000067,[np.float64(-0.4716666666666667)],[np.float64(-0.29333333333333333)],[1],[0],[0],[1.6123873999968055],['target'],p2,001,2025-09-30_21h09.57.944,04102024_3.0_Visual Search Task,,2025.1.1,59.93734150404627,2025-09-30 21h10.14.281051 +0530,
80,0,80,[np.float64(0.004166666666666667)],[np.float64(-0.41833333333333333)],[1],[0],[0],[1.5155620000005001],['target'],80,0,80,0,145.4366055999999,,5,145.42965550000008,145.4366055999999,145.4366055999999,0.01540989999921294,146.9464036999998,[np.float64(0.004166666666666667)],[np.float64(-0.41833333333333333)],[1],[0],[0],[1.5155620000005001],['target'],p2,001,2025-09-30_21h09.57.944,04102024_3.0_Visual Search Task,,2025.1.1,59.93734150404627,2025-09-30 21h10.14.281051 +0530,
81,0,81,[np.float64(-0.4058333333333333)],[np.float64(0.2125)],[1],[0],[0],[1.3255500000013853],['target'],81,0,81,0,146.9808176000006,,10,146.97071719999803,146.9808176000006,146.9808176000006,0.02391410000200267,148.2973834000004,[np.float64(-0.4058333333333333)],[np.float64(0.2125)],[1],[0],[0],[1.3255500000013853],['target'],p2,001,2025-09-30_21h09.57.944,04102024_3.0_Visual Search Task,,2025.1.1,59.93734150404627,2025-09-30 21h10.14.281051 +0530,
82,0,82,[np.float64(0.02666666666666667)],[np.float64(0.21333333333333335)],[1],[0],[0],[1.6029454000017722],['target'],82,0,82,0,148.3157328999987,,5,148.31007390000013,148.3157328999987,148.3157328999987,0.012454100000468316,149.91401810000025,[np.float64(0.02666666666666667)],[np.float64(0.21333333333333335)],[1],[0],[0],[1.6029454000017722],['target'],p2,001,2025-09-30_21h09.57.944,04102024_3.0_Visual Search Task,,2025.1.1,59.93734150404627,2025-09-30 21h10.14.281051 +0530,
83,0,83,[np.float64(-0.12833333333333333)],[np.float64(-0.08416666666666667)],[1],[0],[0],[1.2675561000032758],['target'],83,0,83,0,149.93874629999846,,5,149.93002139999953,149.93874629999846,149.93874629999846,0.015802599999005906,151.19864869999947,[np.float64(-0.12833333333333333)],[np.float64(-0.08416666666666667)],[1],[0],[0],[1.2675561000032758],['target'],p2,001,2025-09-30_21h09.57.944,04102024_3.0_Visual Search Task,,2025.1.1,59.93734150404627,2025-09-30 21h10.14.281051 +0530,
84,0,84,[np.float64(-0.4608333333333333)],[np.float64(-0.23416666666666666)],[1],[0],[0],[1.4670351000022492],['target'],84,0,84,0,151.2399695999993,,10,151.22787939999762,151.2399695999993,151.2399695999993,0.029003999999986263,152.6956640999997,[np.float64(-0.4608333333333333)],[np.float64(-0.23416666666666666)],[1],[0],[0],[1.4670351000022492],['target'],p2,001,2025-09-30_21h09.57.944,04102024_3.0_Visual Search Task,,2025.1.1,59.93734150404627,2025-09-30 21h10.14.281051 +0530,
85,0,85,[np.float64(0.0375)],[np.float64(0.175)],[1],[0],[0],[1.3503795000033278],['target'],85,0,85,0,152.74130149999837,,10,152.72807809999722,152.74130149999837,152.74130149999837,0.032160700000531506,154.07958639999924,[np.float64(0.0375)],[np.float64(0.175)],[1],[0],[0],[1.3503795000033278],['target'],p2,001,2025-09-30_21h09.57.944,04102024_3.0_Visual Search Task,,2025.1.1,59.93734150404627,2025-09-30 21h10.14.281051 +0530,
86,0,86,[np.float64(0.4708333333333333)],[np.float64(-0.26416666666666666)],[1],[0],[0],[1.8110441000026185],['target'],86,0,86,0,154.11057230000006,,10,154.1012308999998,154.11057230000006,154.11057230000006,0.0212284000008367,155.9128966999997,[np.float64(0.4708333333333333)],[np.float64(-0.26416666666666666)],[1],[0],[0],[1.8110441000026185],['target'],p2,001,2025-09-30_21h09.57.944,04102024_3.0_Visual Search Task,,2025.1.1,59.93734150404627,2025-09-30 21h10.14.281051 +0530,
87,0,87,[np.float64(-0.2633333333333333)],[np.float64(-0.2625)],[1],[0],[0],[1.588044700001774],['target'],87,0,87,0,155.9301548000003,,5,155.92459980000058,155.9301548000003,155.9301548000003,0.011492099998577032,157.5139109999982,[np.float64(-0.2633333333333333)],[np.float64(-0.2625)],[1],[0],[0],[1.588044700001774],['target'],p2,001,2025-09-30_21h09.57.944,04102024_3.0_Visual Search Task,,2025.1.1,59.93734150404627,2025-09-30 21h10.14.281051 +0530,
88,0,88,[np.float64(0.4633333333333333)],[np.float64(0.46166666666666667)],[1],[0],[0],[2.2007200000007288],['target'],88,0,88,0,157.557594599999,,10,157.54453060000014,157.557594599999,157.557594599999,0.03034710000065388,159.74637719999737,[np.float64(0.4633333333333333)],[np.float64(0.46166666666666667)],[1],[0],[0],[2.2007200000007288],['target'],p2,001,2025-09-30_21h09.57.944,04102024_3.0_Visual Search Task,,2025.1.1,59.93734150404627,2025-09-30 21h10.14.281051 +0530,
89,0,89,[np.float64(-0.4625)],[np.float64(-0.11916666666666667)],[1],[0],[0],[1.582210299999133],['target'],89,0,89,0,159.77166360000047,,5,159.76283649999823,159.77166360000047,159.77166360000047,0.016199000001506647,161.34616409999944,[np.float64(-0.4625)],[np.float64(-0.11916666666666667)],[1],[0],[0],[1.582210299999133],['target'],p2,001,2025-09-30_21h09.57.944,04102024_3.0_Visual Search Task,,2025.1.1,59.93734150404627,2025-09-30 21h10.14.281051 +0530,
90,0,90,[np.float64(-0.135)],[np.float64(-0.38916666666666666)],[1],[0],[0],[2.109584600002563],['target'],90,0,90,0,161.37683399999878,,10,161.36825889999818,161.37683399999878,161.37683399999878,0.021848799999133917,163.47878219999984,[np.float64(-0.135)],[np.float64(-0.38916666666666666)],[1],[0],[0],[2.109584600002563],['target'],p2,001,2025-09-30_21h09.57.944,04102024_3.0_Visual Search Task,,2025.1.1,59.93734150404627,2025-09-30 21h10.14.281051 +0530,
91,0,91,[np.float64(0.4675)],[np.float64(0.029166666666666667)],[1],[0],[0],[1.3900088000009418],['target'],91,0,91,0,163.49528529999952,,5,163.48892029999843,163.49528529999952,163.49528529999952,0.009970200000680052,164.87985679999838,[np.float64(0.4675)],[np.float64(0.029166666666666667)],[1],[0],[0],[1.3900088000009418],['target'],p2,001,2025-09-30_21h09.57.944,04102024_3.0_Visual Search Task,,2025.1.1,59.93734150404627,2025-09-30 21h10.14.281051 +0530,
92,0,92,[np.float64(0.4041666666666667)],[np.float64(-0.38916666666666666)],[1],[0],[0],[1.3556339999995544],['target'],92,0,92,0,164.89671629999793,,5,164.89100870000038,164.89671629999793,164.89671629999793,0.010796300000947667,166.24739989999944,[np.float64(0.4041666666666667)],[np.float64(-0.38916666666666666)],[1],[0],[0],[1.3556339999995544],['target'],p2,001,2025-09-30_21h09.57.944,04102024_3.0_Visual Search Task,,2025.1.1,59.93734150404627,2025-09-30 21h10.14.281051 +0530,
93,0,93,[np.float64(-0.215)],[np.float64(0.4608333333333333)],[1],[0],[0],[2.116801000000123],['target'],93,0,93,0,166.27169979999962,,5,166.26366659999985,166.27169979999962,166.27169979999962,0.015942599999107188,168.3821179000006,[np.float64(-0.215)],[np.float64(0.4608333333333333)],[1],[0],[0],[2.116801000000123],['target'],p2,001,2025-09-30_21h09.57.944,04102024_3.0_Visual Search Task,,2025.1.1,59.93734150404627,2025-09-30 21h10.14.281051 +0530,
94,0,94,[np.float64(0.39916666666666667)],[np.float64(0.15833333333333333)],[1],[0],[0],[1.3951247999975749],['target'],94,0,94,0,168.40855340000053,,5,168.39986979999958,168.40855340000053,168.40855340000053,0.017433600001822924,169.79717479999817,[np.float64(0.39916666666666667)],[np.float64(0.15833333333333333)],[1],[0],[0],[1.3951247999975749],['target'],p2,001,2025-09-30_21h09.57.944,04102024_3.0_Visual Search Task,,2025.1.1,59.93734150404627,2025-09-30 21h10.14.281051 +0530,
95,0,95,[np.float64(0.060833333333333336)],[np.float64(-0.4275)],[1],[0],[0],[2.5128153000005113],['target'],95,0,95,0,169.82610310000018,,5,169.81505019999895,169.82610310000018,169.82610310000018,0.017646700001932913,172.3285474999975,[np.float64(0.060833333333333336)],[np.float64(-0.4275)],[1],[0],[0],[2.5128153000005113],['target'],p2,001,2025-09-30_21h09.57.944,04102024_3.0_Visual Search Task,,2025.1.1,59.93734150404627,2025-09-30 21h10.14.281051 +0530,
96,0,96,[np.float64(0.33916666666666667)],[np.float64(-0.23833333333333334)],[1],[0],[0],[2.110922700001538],[None],96,0,96,0,172.360885099999,,10,172.35088890000043,172.360885099999,172.360885099999,0.02209039999797824,174.4624932000006,[np.float64(0.33916666666666667)],[np.float64(-0.23833333333333334)],[1],[0],[0],[2.110922700001538],[None],p2,001,2025-09-30_21h09.57.944,04102024_3.0_Visual Search Task,,2025.1.1,59.93734150404627,2025-09-30 21h10.14.281051 +0530,
97,0,97,[np.float64(-0.44416666666666665)],[np.float64(-0.060833333333333336)],[1],[0],[0],[2.4314088999999512],['target'],97,0,97,0,174.48999049999838,,10,174.48130909999963,174.48999049999838,174.48999049999838,0.018597900001623202,176.91375899999912,[np.float64(-0.44416666666666665)],[np.float64(-0.060833333333333336)],[1],[0],[0],[2.4314088999999512],['target'],p2,001,2025-09-30_21h09.57.944,04102024_3.0_Visual Search Task,,2025.1.1,59.93734150404627,2025-09-30 21h10.14.281051 +0530,
98,0,98,[np.float64(-0.4275)],[np.float64(0.01)],[1],[0],[0],[1.4684716000010667],['target'],98,0,98,0,176.9585057000004,,10,176.94346669999868,176.9585057000004,176.9585057000004,0.02947709999716608,178.4134238000006,[np.float64(-0.4275)],[np.float64(0.01)],[1],[0],[0],[1.4684716000010667],['target'],p2,001,2025-09-30_21h09.57.944,04102024_3.0_Visual Search Task,,2025.1.1,59.93734150404627,2025-09-30 21h10.14.281051 +0530,
99,0,99,[np.float64(0.275)],[np.float64(-0.43916666666666665)],[1],[0],[0],[1.8825456000013219],['target'],99,0,99,0,178.43874929999947,,5,178.43036719999873,178.43874929999947,178.43874929999947,0.01662170000054175,180.31378340000083,[np.float64(0.275)],[np.float64(-0.43916666666666665)],[1],[0],[0],[1.8825456000013219],['target'],p2,001,2025-09-30_21h09.57.944,04102024_3.0_Visual Search Task,,2025.1.1,59.93734150404627,2025-09-30 21h10.14.281051 +0530,
100,0,100,[np.float64(0.11333333333333333)],[np.float64(0.2575)],[1],[0],[0],[1.8002157000009902],['target'],100,0,100,0,180.35238689999824,,5,180.34356379999736,180.35238689999824,180.35238689999824,0.029523699999117525,182.14433579999968,[np.float64(0.11333333333333333)],[np.float64(0.2575)],[1],[0],[0],[1.8002157000009902],['target'],p2,001,2025-09-30_21h09.57.944,04102024_3.0_Visual Search Task,,2025.1.1,59.93734150404627,2025-09-30 21h10.14.281051 +0530,
101,0,101,[np.float64(0.06416666666666666)],[np.float64(0.3541666666666667)],[1],[0],[0],[1.3748545000016748],['target'],101,0,101,0,182.1593714999981,,5,182.15340749999814,182.1593714999981,182.1593714999981,0.00897629999963101,183.52941389999978,[np.float64(0.06416666666666666)],[np.float64(0.3541666666666667)],[1],[0],[0],[1.3748545000016748],['target'],p2,001,2025-09-30_21h09.57.944,04102024_3.0_Visual Search Task,,2025.1.1,59.93734150404627,2025-09-30 21h10.14.281051 +0530,
102,0,102,[np.float64(-0.17083333333333334)],[np.float64(-0.1425)],[1],[0],[0],[3.4262259999995877],[None],102,0,102,0,183.55949739999778,,10,183.55111919999763,183.55949739999778,183.55949739999778,0.021487800000613788,186.978293199998,[np.float64(-0.17083333333333334)],[np.float64(-0.1425)],[1],[0],[0],[3.4262259999995877],[None],p2,001,2025-09-30_21h09.57.944,04102024_3.0_Visual Search Task,,2025.1.1,59.93734150404627,2025-09-30 21h10.14.281051 +0530,
103,0,103,[np.float64(-0.37666666666666665)],[np.float64(-0.43083333333333335)],[1],[0],[0],[1.470878399999492],['target'],103,0,103,0,186.99622760000057,,5,186.99060269999973,186.99622760000057,186.99622760000057,0.012071000001014909,188.4622539999982,[np.float64(-0.37666666666666665)],[np.float64(-0.43083333333333335)],[1],[0],[0],[1.470878399999492],['target'],p2,001,2025-09-30_21h09.57.944,04102024_3.0_Visual Search Task,,2025.1.1,59.93734150404627,2025-09-30 21h10.14.281051 +0530,
104,0,104,[np.float64(0.2683333333333333)],[np.float64(-0.19583333333333333)],[1],[0],[0],[2.005403399998613],['target'],104,0,104,0,188.47799289999966,,5,188.47240319999764,188.47799289999966,188.47799289999966,0.0099052000005031,190.4787045999983,[np.float64(0.2683333333333333)],[np.float64(-0.19583333333333333)],[1],[0],[0],[2.005403399998613],['target'],p2,001,2025-09-30_21h09.57.944,04102024_3.0_Visual Search Task,,2025.1.1,59.93734150404627,2025-09-30 21h10.14.281051 +0530,
105,0,105,[np.float64(0.04416666666666667)],[np.float64(0.15333333333333332)],[1],[0],[0],[1.7151499000028707],['target'],105,0,105,0,190.5051300999985,,10,190.4967734999991,190.5051300999985,190.5051300999985,0.017930199999682372,192.21321220000027,[np.float64(0.04416666666666667)],[np.float64(0.15333333333333332)],[1],[0],[0],[1.7151499000028707],['target'],p2,001,2025-09-30_21h09.57.944,04102024_3.0_Visual Search Task,,2025.1.1,59.93734150404627,2025-09-30 21h10.14.281051 +0530,
106,0,106,[np.float64(0.3675)],[np.float64(0.425)],[1],[0],[0],[1.6092884999998205],['target'],106,0,106,0,192.24440250000043,,10,192.23507020000034,192.24440250000043,192.24440250000043,0.021585100002994295,193.84508210000058,[np.float64(0.3675)],[np.float64(0.425)],[1],[0],[0],[1.6092884999998205],['target'],p2,001,2025-09-30_21h09.57.944,04102024_3.0_Visual Search Task,,2025.1.1,59.93734150404627,2025-09-30 21h10.14.281051 +0530,
107,0,107,[np.float64(-0.04583333333333333)],[np.float64(0.16416666666666666)],[1],[0],[0],[1.4693304000029457],['target'],107,0,107,0,193.86758759999793,,5,193.8588548000007,193.86758759999793,193.86758759999793,0.013618799999676412,195.32902520000061,[np.float64(-0.04583333333333333)],[np.float64(0.16416666666666666)],[1],[0],[0],[1.4693304000029457],['target'],p2,001,2025-09-30_21h09.57.944,04102024_3.0_Visual Search Task,,2025.1.1,59.93734150404627,2025-09-30 21h10.14.281051 +0530,
108,0,108,[np.float64(-0.35)],[np.float64(-0.0775)],[1],[0],[0],[1.5048432000003231],['target'],108,0,108,0,195.3450109999976,,5,195.33994659999735,195.3450109999976,195.3450109999976,0.010730099998909282,196.84575720000066,[np.float64(-0.35)],[np.float64(-0.0775)],[1],[0],[0],[1.5048432000003231],['target'],p2,001,2025-09-30_21h09.57.944,04102024_3.0_Visual Search Task,,2025.1.1,59.93734150404627,2025-09-30 21h10.14.281051 +0530,
109,0,109,[np.float64(-0.15083333333333335)],[np.float64(0.37)],[1],[0],[0],[1.4718398000004527],['target'],109,0,109,0,196.86335580000014,,5,196.8575611999986,196.86335580000014,196.86335580000014,0.011602300000959076,198.33031520000077,[np.float64(-0.15083333333333335)],[np.float64(0.37)],[1],[0],[0],[1.4718398000004527],['target'],p2,001,2025-09-30_21h09.57.944,04102024_3.0_Visual Search Task,,2025.1.1,59.93734150404627,2025-09-30 21h10.14.281051 +0530,
110,0,110,[np.float64(-0.17666666666666667)],[np.float64(-0.3725)],[1],[0],[0],[2.1773274000006495],['target'],110,0,110,0,198.36026169999968,,10,198.35163809999722,198.36026169999968,198.36026169999968,0.020977399999537738,200.52998089999892,[np.float64(-0.17666666666666667)],[np.float64(-0.3725)],[1],[0],[0],[2.1773274000006495],['target'],p2,001,2025-09-30_21h09.57.944,04102024_3.0_Visual Search Task,,2025.1.1,59.93734150404627,2025-09-30 21h10.14.281051 +0530,
111,0,111,[np.float64(-0.37083333333333335)],[np.float64(0.3641666666666667)],[1],[0],[0],[2.680143900000985],['target'],111,0,111,0,200.5836610999977,,10,200.56672379999873,200.5836610999977,200.5836610999977,0.03640669999731472,203.2479177999994,[np.float64(-0.37083333333333335)],[np.float64(0.3641666666666667)],[1],[0],[0],[2.680143900000985],['target'],p2,001,2025-09-30_21h09.57.944,04102024_3.0_Visual Search Task,,2025.1.1,59.93734150404627,2025-09-30 21h10.14.281051 +0530,
112,0,112,[np.float64(-0.030833333333333334)],[np.float64(-0.3566666666666667)],[1],[0],[0],[1.8634401000017533],['target'],112,0,112,0,203.2754825999982,,5,203.26671259999785,203.2754825999982,203.2754825999982,0.018534300001192605,205.13125279999804,[np.float64(-0.030833333333333334)],[np.float64(-0.3566666666666667)],[1],[0],[0],[1.8634401000017533],['target'],p2,001,2025-09-30_21h09.57.944,04102024_3.0_Visual Search Task,,2025.1.1,59.93734150404627,2025-09-30 21h10.14.281051 +0530,
113,0,113,[np.float64(-0.24)],[np.float64(0.0675)],[1],[0],[0],[3.4162909999977273],['target'],113,0,113,0,205.17689039999823,,10,205.16378989999794,205.17689039999823,205.17689039999823,0.03231620000224211,208.58114299999943,[np.float64(-0.24)],[np.float64(0.0675)],[1],[0],[0],[3.4162909999977273],['target'],p2,001,2025-09-30_21h09.57.944,04102024_3.0_Visual Search Task,,2025.1.1,59.93734150404627,2025-09-30 21h10.14.281051 +0530,
114,0,114,[np.float64(-0.0525)],[np.float64(-0.3933333333333333)],[1],[0],[0],[2.613233500000206],['target'],114,0,114,0,208.60767660000056,,5,208.5988784000001,208.60767660000056,208.60767660000056,0.01744239999970887,211.2130756000006,[np.float64(-0.0525)],[np.float64(-0.3933333333333333)],[1],[0],[0],[2.613233500000206],['target'],p2,001,2025-09-30_21h09.57.944,04102024_3.0_Visual Search Task,,2025.1.1,59.93734150404627,2025-09-30 21h10.14.281051 +0530,
115,0,115,[np.float64(0.08416666666666667)],[np.float64(-0.10583333333333333)],[1],[0],[0],[1.6499231999987387],['target'],115,0,115,0,211.257439099998,,10,211.24375359999976,211.257439099998,211.257439099998,0.030501400000503054,212.89463179999802,[np.float64(0.08416666666666667)],[np.float64(-0.10583333333333333)],[1],[0],[0],[1.6499231999987387],['target'],p2,001,2025-09-30_21h09.57.944,04102024_3.0_Visual Search Task,,2025.1.1,59.93734150404627,2025-09-30 21h10.14.281051 +0530,
116,0,116,[np.float64(-0.09666666666666666)],[np.float64(0.445)],[1],[0],[0],[2.1646728000014264],['target'],116,0,116,0,212.9218906999995,,5,212.91264269999738,212.9218906999995,212.9218906999995,0.017644000003201654,215.07819100000052,[np.float64(-0.09666666666666666)],[np.float64(0.445)],[1],[0],[0],[2.1646728000014264],['target'],p2,001,2025-09-30_21h09.57.944,04102024_3.0_Visual Search Task,,2025.1.1,59.93734150404627,2025-09-30 21h10.14.281051 +0530,
117,0,117,[np.float64(-0.4683333333333333)],[np.float64(0.08083333333333333)],[1],[0],[0],[1.2664380999995046],['target'],117,0,117,0,215.10084319999805,,5,215.09474489999775,215.10084319999805,215.10084319999805,0.016396099999838043,216.3625405999992,[np.float64(-0.4683333333333333)],[np.float64(0.08083333333333333)],[1],[0],[0],[1.2664380999995046],['target'],p2,001,2025-09-30_21h09.57.944,04102024_3.0_Visual Search Task,,2025.1.1,59.93734150404627,2025-09-30 21h10.14.281051 +0530,
118,0,118,[np.float64(-0.29833333333333334)],[np.float64(0.24333333333333335)],[1],[0],[0],[1.4336167000001296],['target'],118,0,118,0,216.40786229999867,,10,216.3939234999998,216.40786229999867,216.40786229999867,0.031038599998282734,217.82873180000024,[np.float64(-0.29833333333333334)],[np.float64(0.24333333333333335)],[1],[0],[0],[1.4336167000001296],['target'],p2,001,2025-09-30_21h09.57.944,04102024_3.0_Visual Search Task,,2025.1.1,59.93734150404627,2025-09-30 21h10.14.281051 +0530,
119,0,119,[np.float64(0.11166666666666666)],[np.float64(0.21833333333333332)],[1],[0],[0],[1.5813787000006414],['target'],119,0,119,0,217.8776074999987,,10,217.86231399999815,217.8776074999987,217.8776074999987,0.033358299999235896,219.44432659999802,[np.float64(0.11166666666666666)],[np.float64(0.21833333333333332)],[1],[0],[0],[1.5813787000006414],['target'],p2,001,2025-09-30_21h09.57.944,04102024_3.0_Visual Search Task,,2025.1.1,59.93734150404627,2025-09-30 21h10.14.281051 +0530,
120,0,120,[np.float64(-0.0275)],[np.float64(-0.19333333333333333)],[1],[0],[0],[2.291035300000658],['target'],120,0,120,0,219.46023129999958,,5,219.45423129999836,219.46023129999958,219.46023129999958,0.009767900002771057,221.7462314000004,[np.float64(-0.0275)],[np.float64(-0.19333333333333333)],[1],[0],[0],[2.291035300000658],['target'],p2,001,2025-09-30_21h09.57.944,04102024_3.0_Visual Search Task,,2025.1.1,59.93734150404627,2025-09-30 21h10.14.281051 +0530,
121,0,121,[np.float64(-0.49166666666666664)],[np.float64(0.31333333333333335)],[1],[0],[0],[1.3025582000009308],['target'],121,0,121,0,221.7639261000004,,5,221.75848739999856,221.7639261000004,221.7639261000004,0.012040699999488425,223.06202660000054,[np.float64(-0.49166666666666664)],[np.float64(0.31333333333333335)],[1],[0],[0],[1.3025582000009308],['target'],p2,001,2025-09-30_21h09.57.944,04102024_3.0_Visual Search Task,,2025.1.1,59.93734150404627,2025-09-30 21h10.14.281051 +0530,
122,0,122,[np.float64(-0.16916666666666666)],[np.float64(0.030833333333333334)],[1],[0],[0],[1.2966699999997218],['target'],122,0,122,0,223.08972989999893,,10,223.08141569999862,223.08972989999893,223.08972989999893,0.019199299997126218,224.3790157000003,[np.float64(-0.16916666666666666)],[np.float64(0.030833333333333334)],[1],[0],[0],[1.2966699999997218],['target'],p2,001,2025-09-30_21h09.57.944,04102024_3.0_Visual Search Task,,2025.1.1,59.93734150404627,2025-09-30 21h10.14.281051 +0530,
123,0,123,[np.float64(-0.18083333333333335)],[np.float64(0.5)],[1],[0],[0],[3.595867600000929],['target'],123,0,123,0,224.40830269999788,,10,224.39949720000004,224.40830269999788,224.40830269999788,0.020126499999605585,227.99643079999805,[np.float64(-0.18083333333333335)],[np.float64(0.5)],[1],[0],[0],[3.595867600000929],['target'],p2,001,2025-09-30_21h09.57.944,04102024_3.0_Visual Search Task,,2025.1.1,59.93734150404627,2025-09-30 21h10.14.281051 +0530,
124,0,124,[np.float64(-0.25166666666666665)],[np.float64(-0.16916666666666666)],[1],[0],[0],[1.5868574000014632],['target'],124,0,124,0,228.01416509999763,,5,228.00893619999988,228.01416509999763,228.01416509999763,0.012117999998736195,229.5967868000007,[np.float64(-0.25166666666666665)],[np.float64(-0.16916666666666666)],[1],[0],[0],[1.5868574000014632],['target'],p2,001,2025-09-30_21h09.57.944,04102024_3.0_Visual Search Task,,2025.1.1,59.93734150404627,2025-09-30 21h10.14.281051 +0530,
125,0,125,[np.float64(-0.18166666666666667)],[np.float64(-0.27416666666666667)],[1],[0],[0],[1.5612967999986722],['target'],125,0,125,0,229.62621650000074,,10,229.61717379999754,229.62621650000074,229.62621650000074,0.020178599999781,231.17949489999955,[np.float64(-0.18166666666666667)],[np.float64(-0.27416666666666667)],[1],[0],[0],[1.5612967999986722],['target'],p2,001,2025-09-30_21h09.57.944,04102024_3.0_Visual Search Task,,2025.1.1,59.93734150404627,2025-09-30 21h10.14.281051 +0530,
126,0,126,[np.float64(-0.43)],[np.float64(-0.12)],[1],[0],[0],[1.3513483999995515],['target'],126,0,126,0,231.22265049999987,,10,231.21062600000005,231.22265049999987,231.22265049999987,0.03078070000265143,232.56304620000083,[np.float64(-0.43)],[np.float64(-0.12)],[1],[0],[0],[1.3513483999995515],['target'],p2,001,2025-09-30_21h09.57.944,04102024_3.0_Visual Search Task,,2025.1.1,59.93734150404627,2025-09-30 21h10.14.281051 +0530,
127,0,127,[np.float64(0.17166666666666666)],[np.float64(-0.17583333333333334)],[1],[0],[0],[3.3480655000021216],['target'],127,0,127,0,232.61074739999822,,10,232.59604129999934,232.61074739999822,232.61074739999822,0.03271659999882104,235.9452743999973,[np.float64(0.17166666666666666)],[np.float64(-0.17583333333333334)],[1],[0],[0],[3.3480655000021216],['target'],p2,001,2025-09-30_21h09.57.944,04102024_3.0_Visual Search Task,,2025.1.1,59.93734150404627,2025-09-30 21h10.14.281051 +0530,
128,0,128,[np.float64(-0.2575)],[np.float64(0.275)],[1],[0],[0],[1.75182230000064],['target'],128,0,128,0,235.96439850000024,,5,235.9586765999993,235.96439850000024,235.96439850000024,0.013104999998176936,237.71165969999856,[np.float64(-0.2575)],[np.float64(0.275)],[1],[0],[0],[1.75182230000064],['target'],p2,001,2025-09-30_21h09.57.944,04102024_3.0_Visual Search Task,,2025.1.1,59.93734150404627,2025-09-30 21h10.14.281051 +0530,
129,0,129,[np.float64(-0.20916666666666667)],[np.float64(-0.06666666666666667)],[1],[0],[0],[1.4099672000011196],['target'],129,0,129,0,237.74214890000076,,10,237.7336749999995,237.74214890000076,237.74214890000076,0.02162289999978384,239.14461049999954,[np.float64(-0.20916666666666667)],[np.float64(-0.06666666666666667)],[1],[0],[0],[1.4099672000011196],['target'],p2,001,2025-09-30_21h09.57.944,04102024_3.0_Visual Search Task,,2025.1.1,59.93734150404627,2025-09-30 21h10.14.281051 +0530,
130,0,130,[np.float64(-0.1475)],[np.float64(0.14166666666666666)],[1],[0],[0],[3.312381699997786],['target'],130,0,130,0,239.1749822999991,,10,239.1658865999998,239.1749822999991,239.1749822999991,0.02083900000070571,242.47926949999965,[np.float64(-0.1475)],[np.float64(0.14166666666666666)],[1],[0],[0],[3.312381699997786],['target'],p2,001,2025-09-30_21h09.57.944,04102024_3.0_Visual Search Task,,2025.1.1,59.93734150404627,2025-09-30 21h10.14.281051 +0530,
131,0,131,[np.float64(0.14916666666666667)],[np.float64(0.165)],[1],[0],[0],[4.912273199999618],['target'],131,0,131,0,242.50774180000008,,10,242.49965039999734,242.50774180000008,242.50774180000008,0.020129399999859743,247.41326349999872,[np.float64(0.14916666666666667)],[np.float64(0.165)],[1],[0],[0],[4.912273199999618],['target'],p2,001,2025-09-30_21h09.57.944,04102024_3.0_Visual Search Task,,2025.1.1,59.93734150404627,2025-09-30 21h10.14.281051 +0530,
132,0,132,[np.float64(0.3983333333333333)],[np.float64(0.26916666666666667)],[1],[0],[0],[2.7152272000021185],['target'],132,0,132,0,247.43796649999786,,5,247.42952819999846,247.43796649999786,247.43796649999786,0.01600469999902998,250.14567259999967,[np.float64(0.3983333333333333)],[np.float64(0.26916666666666667)],[1],[0],[0],[2.7152272000021185],['target'],p2,001,2025-09-30_21h09.57.944,04102024_3.0_Visual Search Task,,2025.1.1,59.93734150404627,2025-09-30 21h10.14.281051 +0530,
133,0,133,[np.float64(0.33666666666666667)],[np.float64(0.155)],[1],[0],[0],[1.6339259000014863],[None],133,0,133,0,250.1645865999999,,5,250.1595305999981,250.1645865999999,250.1645865999999,0.0136484999966342,251.79453079999803,[np.float64(0.33666666666666667)],[np.float64(0.155)],[1],[0],[0],[1.6339259000014863],[None],p2,001,2025-09-30_21h09.57.944,04102024_3.0_Visual Search Task,,2025.1.1,59.93734150404627,2025-09-30 21h10.14.281051 +0530,
134,0,134,[np.float64(-0.018333333333333333)],[np.float64(-0.22333333333333333)],[1],[0],[0],[3.450436700000864],['target'],134,0,134,0,251.81796109999777,,5,251.81032389999746,251.81796109999777,251.81796109999777,0.015449599999556085,255.26161099999808,[np.float64(-0.018333333333333333)],[np.float64(-0.22333333333333333)],[1],[0],[0],[3.450436700000864],['target'],p2,001,2025-09-30_21h09.57.944,04102024_3.0_Visual Search Task,,2025.1.1,59.93734150404627,2025-09-30 21h10.14.281051 +0530,
135,0,135,[np.float64(0.12416666666666666)],[np.float64(0.31)],[1],[0],[0],[2.477307799999835],['target'],135,0,135,0,255.29063619999943,,10,255.28269079999882,255.29063619999943,255.29063619999943,0.020868600000540027,257.76129469999796,[np.float64(0.12416666666666666)],[np.float64(0.31)],[1],[0],[0],[2.477307799999835],['target'],p2,001,2025-09-30_21h09.57.944,04102024_3.0_Visual Search Task,,2025.1.1,59.93734150404627,2025-09-30 21h10.14.281051 +0530,
136,0,136,[np.float64(-0.4125)],[np.float64(0.185)],[1],[0],[0],[1.3173142000014195],['target'],136,0,136,0,257.7866796999988,,5,257.77768079999805,257.7866796999988,257.7866796999988,0.016117899998789653,259.09599589999925,[np.float64(-0.4125)],[np.float64(0.185)],[1],[0],[0],[1.3173142000014195],['target'],p2,001,2025-09-30_21h09.57.944,04102024_3.0_Visual Search Task,,2025.1.1,59.93734150404627,2025-09-30 21h10.14.281051 +0530,
137,0,137,[np.float64(0.07416666666666667)],[np.float64(-0.11)],[1],[0],[0],[1.3492686999998114],['target'],137,0,137,0,259.1198564000006,,5,259.1120259999989,259.1198564000006,259.1198564000006,0.01583540000137873,260.46255179999935,[np.float64(0.07416666666666667)],[np.float64(-0.11)],[1],[0],[0],[1.3492686999998114],['target'],p2,001,2025-09-30_21h09.57.944,04102024_3.0_Visual Search Task,,2025.1.1,59.93734150404627,2025-09-30 21h10.14.281051 +0530,
138,0,138,[np.float64(-0.17166666666666666)],[np.float64(-0.14666666666666667)],[1],[0],[0],[1.6445711000014853],['target'],138,0,138,0,260.5117788999996,,10,260.49901780000073,260.5117788999996,260.5117788999996,0.03604730000006384,262.14455760000055,[np.float64(-0.17166666666666666)],[np.float64(-0.14666666666666667)],[1],[0],[0],[1.6445711000014853],['target'],p2,001,2025-09-30_21h09.57.944,04102024_3.0_Visual Search Task,,2025.1.1,59.93734150404627,2025-09-30 21h10.14.281051 +0530,
139,0,139,[np.float64(0.21)],[np.float64(-0.17)],[1],[0],[0],[1.3995198000011442],['target'],139,0,139,0,262.1695078999983,,5,262.1613351999986,262.1695078999983,262.1695078999983,0.01651990000027581,263.5621102999976,[np.float64(0.21)],[np.float64(-0.17)],[1],[0],[0],[1.3995198000011442],['target'],p2,001,2025-09-30_21h09.57.944,04102024_3.0_Visual Search Task,,2025.1.1,59.93734150404627,2025-09-30 21h10.14.281051 +0530,
140,0,140,[np.float64(0.018333333333333333)],[np.float64(0.15916666666666668)],[1],[0],[0],[1.4652735000017856],['target'],140,0,140,0,263.5866258999995,,5,263.5780803999987,263.5866258999995,263.5866258999995,0.015742899999168003,265.0439226999988,[np.float64(0.018333333333333333)],[np.float64(0.15916666666666668)],[1],[0],[0],[1.4652735000017856],['target'],p2,001,2025-09-30_21h09.57.944,04102024_3.0_Visual Search Task,,2025.1.1,59.93734150404627,2025-09-30 21h10.14.281051 +0530,
141,0,141,[np.float64(-0.095)],[np.float64(0.2175)],[1],[0],[0],[1.1397365000011632],['target'],141,0,141,0,265.06075769999734,,5,265.0545506999988,265.06075769999734,265.06075769999734,0.010476600000401959,266.19550479999816,[np.float64(-0.095)],[np.float64(0.2175)],[1],[0],[0],[1.1397365000011632],['target'],p2,001,2025-09-30_21h09.57.944,04102024_3.0_Visual Search Task,,2025.1.1,59.93734150404627,2025-09-30 21h10.14.281051 +0530,
142,0,142,[np.float64(0.43916666666666665)],[np.float64(0.06333333333333334)],[1],[0],[0],[1.4676765999975032],['target'],142,0,142,0,266.24079229999916,,10,266.22604859999774,266.24079229999916,266.24079229999916,0.03018320000046515,267.6950098999987,[np.float64(0.43916666666666665)],[np.float64(0.06333333333333334)],[1],[0],[0],[1.4676765999975032],['target'],p2,001,2025-09-30_21h09.57.944,04102024_3.0_Visual Search Task,,2025.1.1,59.93734150404627,2025-09-30 21h10.14.281051 +0530,
143,0,143,[np.float64(0.1225)],[np.float64(-0.23166666666666666)],[1],[0],[0],[1.5318459999980405],['target'],143,0,143,0,267.72257270000046,,5,267.71198000000004,267.72257270000046,267.72257270000046,0.01670910000029835,269.24478199999794,[np.float64(0.1225)],[np.float64(-0.23166666666666666)],[1],[0],[0],[1.5318459999980405],['target'],p2,001,2025-09-30_21h09.57.944,04102024_3.0_Visual Search Task,,2025.1.1,59.93734150404627,2025-09-30 21h10.14.281051 +0530,
144,0,144,[np.float64(-0.49583333333333335)],[np.float64(-0.4)],[1],[0],[0],[1.7030387999984669],[None],144,0,144,0,269.26328300000023,,5,269.2573690999998,269.26328300000023,269.26328300000023,0.012372799999866402,270.96153290000075,[np.float64(-0.49583333333333335)],[np.float64(-0.4)],[1],[0],[0],[1.7030387999984669],[None],p2,001,2025-09-30_21h09.57.944,04102024_3.0_Visual Search Task,,2025.1.1,59.93734150404627,2025-09-30 21h10.14.281051 +0530,
145,0,145,[np.float64(-0.12)],[np.float64(-0.2125)],[1],[0],[0],[1.3366247999983898],['target'],145,0,145,0,270.9789340999996,,5,270.97355179999795,270.9789340999996,270.9789340999996,0.01174410000021453,272.3113166999974,[np.float64(-0.12)],[np.float64(-0.2125)],[1],[0],[0],[1.3366247999983898],['target'],p2,001,2025-09-30_21h09.57.944,04102024_3.0_Visual Search Task,,2025.1.1,59.93734150404627,2025-09-30 21h10.14.281051 +0530,
146,0,146,[np.float64(0.24333333333333335)],[np.float64(0.0725)],[1],[0],[0],[2.1161018000020704],[None],146,0,146,0,272.3584095999977,,10,272.34390859999985,272.3584095999977,272.3584095999977,0.03202729999975418,274.4609268999993,[np.float64(0.24333333333333335)],[np.float64(0.0725)],[1],[0],[0],[2.1161018000020704],[None],p2,001,2025-09-30_21h09.57.944,04102024_3.0_Visual Search Task,,2025.1.1,59.93734150404627,2025-09-30 21h10.14.281051 +0530,
147,0,147,[np.float64(-0.42333333333333334)],[np.float64(0.125)],[1],[0],[0],[2.163562499998079],['target'],147,0,147,0,274.4889192999981,,5,274.4804938999987,274.4889192999981,274.4889192999981,0.019241300000430783,276.64518699999826,[np.float64(-0.42333333333333334)],[np.float64(0.125)],[1],[0],[0],[2.163562499998079],['target'],p2,001,2025-09-30_21h09.57.944,04102024_3.0_Visual Search Task,,2025.1.1,59.93734150404627,2025-09-30 21h10.14.281051 +0530,
148,0,148,[np.float64(-0.1125)],[np.float64(0.42)],[1],[0],[0],[1.5662962999995216],['target'],148,0,148,0,276.6709805999999,,5,276.6624125999988,276.6709805999999,276.6709805999999,0.01698450000185403,278.22970539999733,[np.float64(-0.1125)],[np.float64(0.42)],[1],[0],[0],[1.5662962999995216],['target'],p2,001,2025-09-30_21h09.57.944,04102024_3.0_Visual Search Task,,2025.1.1,59.93734150404627,2025-09-30 21h10.14.281051 +0530,
149,0,149,[np.float64(-0.1)],[np.float64(-0.08583333333333333)],[1],[0],[0],[1.8139716000005137],[None],149,0,149,0,278.2759475999992,,10,278.2627355000004,278.2759475999992,278.2759475999992,0.03272600000127568,280.0776588000008,[np.float64(-0.1)],[np.float64(-0.08583333333333333)],[1],[0],[0],[1.8139716000005137],[None],p2,001,2025-09-30_21h09.57.944,04102024_3.0_Visual Search Task,,2025.1.1,59.93734150404627,2025-09-30 21h10.14.281051 +0530,
150,0,150,[np.float64(-0.03916666666666667)],[np.float64(-0.049166666666666664)],[1],[0],[0],[1.6334962000000814],['target'],150,0,150,0,280.1021479999981,,5,280.0933017999996,280.1021479999981,280.1021479999981,0.01540249999743537,281.72795699999915,[np.float64(-0.03916666666666667)],[np.float64(-0.049166666666666664)],[1],[0],[0],[1.6334962000000814],['target'],p2,001,2025-09-30_21h09.57.944,04102024_3.0_Visual Search Task,,2025.1.1,59.93734150404627,2025-09-30 21h10.14.281051 +0530,
151,0,151,[np.float64(0.11583333333333333)],[np.float64(0.49833333333333335)],[1],[0],[0],[8.178557399998681],['target'],151,0,151,0,281.77980319999915,,10,281.7662950999984,281.77980319999915,281.77980319999915,0.038120400000480004,289.9458902000006,[np.float64(0.11583333333333333)],[np.float64(0.49833333333333335)],[1],[0],[0],[8.178557399998681],['target'],p2,001,2025-09-30_21h09.57.944,04102024_3.0_Visual Search Task,,2025.1.1,59.93734150404627,2025-09-30 21h10.14.281051 +0530,
152,0,152,[np.float64(0.4658333333333333)],[np.float64(0.21416666666666667)],[1],[0],[0],[1.664909400002216],['target'],152,0,152,0,289.9717290999979,,5,289.9625151,289.9717290999979,289.9717290999979,0.016371699999581324,291.6284333000003,[np.float64(0.4658333333333333)],[np.float64(0.21416666666666667)],[1],[0],[0],[1.664909400002216],['target'],p2,001,2025-09-30_21h09.57.944,04102024_3.0_Visual Search Task,,2025.1.1,59.93734150404627,2025-09-30 21h10.14.281051 +0530,
153,0,153,[np.float64(0.4166666666666667)],[np.float64(0.41083333333333333)],[1],[0],[0],[1.1988524999978836],['target'],153,0,153,0,291.67476969999916,,10,291.66082800000004,291.67476969999916,291.67476969999916,0.03215690000070026,292.86071190000075,[np.float64(0.4166666666666667)],[np.float64(0.41083333333333333)],[1],[0],[0],[1.1988524999978836],['target'],p2,001,2025-09-30_21h09.57.944,04102024_3.0_Visual Search Task,,2025.1.1,59.93734150404627,2025-09-30 21h10.14.281051 +0530,
154,0,154,[np.float64(-0.47833333333333333)],[np.float64(0.16083333333333333)],[1],[0],[0],[1.764145599998301],['target'],154,0,154,0,292.89090020000003,,5,292.879484699999,292.89090020000003,292.89090020000003,0.0185139999994135,294.64475989999846,[np.float64(-0.47833333333333333)],[np.float64(0.16083333333333333)],[1],[0],[0],[1.764145599998301],['target'],p2,001,2025-09-30_21h09.57.944,04102024_3.0_Visual Search Task,,2025.1.1,59.93734150404627,2025-09-30 21h10.14.281051 +0530,
155,0,155,[np.float64(0.45166666666666666)],[np.float64(0.10166666666666667)],[1],[0],[0],[1.4594498999977077],['target'],155,0,155,0,294.67335829999865,,10,294.6657306999987,294.67335829999865,294.67335829999865,0.020736200000101235,296.1258419000005,[np.float64(0.45166666666666666)],[np.float64(0.10166666666666667)],[1],[0],[0],[1.4594498999977077],['target'],p2,001,2025-09-30_21h09.57.944,04102024_3.0_Visual Search Task,,2025.1.1,59.93734150404627,2025-09-30 21h10.14.281051 +0530,
156,0,156,[np.float64(0.06166666666666667)],[np.float64(-0.11916666666666667)],[1],[0],[0],[1.7758706999993592],['target'],156,0,156,0,296.1411874000005,,5,296.1348773999998,296.1411874000005,296.1411874000005,0.008924199999455595,297.91197829999874,[np.float64(0.06166666666666667)],[np.float64(-0.11916666666666667)],[1],[0],[0],[1.7758706999993592],['target'],p2,001,2025-09-30_21h09.57.944,04102024_3.0_Visual Search Task,,2025.1.1,59.93734150404627,2025-09-30 21h10.14.281051 +0530,
157,0,157,[np.float64(-0.17916666666666667)],[np.float64(0.22666666666666666)],[1],[0],[0],[1.1833555999983218],['target'],157,0,157,0,297.9364370999974,,5,297.9280800999986,297.9364370999974,297.9364370999974,0.015861199997743824,299.1123993000001,[np.float64(-0.17916666666666667)],[np.float64(0.22666666666666666)],[1],[0],[0],[1.1833555999983218],['target'],p2,001,2025-09-30_21h09.57.944,04102024_3.0_Visual Search Task,,2025.1.1,59.93734150404627,2025-09-30 21h10.14.281051 +0530,
158,0,158,[np.float64(0.4041666666666667)],[np.float64(-0.2525)],[1],[0],[0],[1.3474345000031462],['target'],158,0,158,0,299.1384666999984,,5,299.1293287999979,299.1384666999984,299.1384666999984,0.01670630000080564,300.47771250000005,[np.float64(0.4041666666666667)],[np.float64(-0.2525)],[1],[0],[0],[1.3474345000031462],['target'],p2,001,2025-09-30_21h09.57.944,04102024_3.0_Visual Search Task,,2025.1.1,59.93734150404627,2025-09-30 21h10.14.281051 +0530,
159,0,159,[np.float64(-0.4658333333333333)],[np.float64(0.008333333333333333)],[1],[0],[0],[1.2328559999987192],['target'],159,0,159,0,300.5020272999973,,5,300.49416049999854,300.5020272999973,300.5020272999973,0.016101000001071952,301.7279740999984,[np.float64(-0.4658333333333333)],[np.float64(0.008333333333333333)],[1],[0],[0],[1.2328559999987192],['target'],p2,001,2025-09-30_21h09.57.944,04102024_3.0_Visual Search Task,,2025.1.1,59.93734150404627,2025-09-30 21h10.14.281051 +0530,
160,0,160,[np.float64(0.125)],[np.float64(-0.49333333333333335)],[1],[0],[0],[1.4920104000011634],['target'],160,0,160,0,301.76403149999896,,5,301.75319129999843,301.76403149999896,301.76403149999896,0.02496930000052089,303.24629920000007,[np.float64(0.125)],[np.float64(-0.49333333333333335)],[1],[0],[0],[1.4920104000011634],['target'],p2,001,2025-09-30_21h09.57.944,04102024_3.0_Visual Search Task,,2025.1.1,59.93734150404627,2025-09-30 21h10.14.281051 +0530,
161,0,161,[np.float64(-0.4058333333333333)],[np.float64(-0.03)],[1],[0],[0],[1.4522723000009137],['target'],161,0,161,0,303.28944879999835,,10,303.27562829999806,303.28944879999835,303.28944879999835,0.029121700001269346,304.72888559999774,[np.float64(-0.4058333333333333)],[np.float64(-0.03)],[1],[0],[0],[1.4522723000009137],['target'],p2,001,2025-09-30_21h09.57.944,04102024_3.0_Visual Search Task,,2025.1.1,59.93734150404627,2025-09-30 21h10.14.281051 +0530,
162,0,162,[np.float64(0.355)],[np.float64(-0.3575)],[1],[0],[0],[1.9842619000010018],['target'],162,0,162,0,304.77271159999873,,10,304.7600351000001,304.77271159999873,304.77271159999873,0.03088249999927939,306.74529690000054,[np.float64(0.355)],[np.float64(-0.3575)],[1],[0],[0],[1.9842619000010018],['target'],p2,001,2025-09-30_21h09.57.944,04102024_3.0_Visual Search Task,,2025.1.1,59.93734150404627,2025-09-30 21h10.14.281051 +0530,
163,0,163,[np.float64(0.4175)],[np.float64(0.5)],[1],[0],[0],[1.3836843999997654],['target'],163,0,163,0,306.7698552999973,,5,306.7622749999973,306.7698552999973,306.7698552999973,0.016713499997422332,308.1469537999983,[np.float64(0.4175)],[np.float64(0.5)],[1],[0],[0],[1.3836843999997654],['target'],p2,001,2025-09-30_21h09.57.944,04102024_3.0_Visual Search Task,,2025.1.1,59.93734150404627,2025-09-30 21h10.14.281051 +0530,
164,0,164,[np.float64(0.155)],[np.float64(0.31916666666666665)],[1],[0],[0],[1.6500178999995114],[None],164,0,164,0,308.18892349999805,,10,308.17724969999836,308.18892349999805,308.18892349999805,0.030091900000115857,309.82841779999944,[np.float64(0.155)],[np.float64(0.31916666666666665)],[1],[0],[0],[1.6500178999995114],[None],p2,001,2025-09-30_21h09.57.944,04102024_3.0_Visual Search Task,,2025.1.1,59.93734150404627,2025-09-30 21h10.14.281051 +0530,
165,0,165,[np.float64(-0.29083333333333333)],[np.float64(-0.085)],[1],[0],[0],[1.3553100999997696],['target'],165,0,165,0,309.86360539999805,,10,309.8538316999984,309.86360539999805,309.86360539999805,0.025140300000202842,311.2096208999974,[np.float64(-0.29083333333333333)],[np.float64(-0.085)],[1],[0],[0],[1.3553100999997696],['target'],p2,001,2025-09-30_21h09.57.944,04102024_3.0_Visual Search Task,,2025.1.1,59.93734150404627,2025-09-30 21h10.14.281051 +0530,
166,0,166,[np.float64(-0.014166666666666666)],[np.float64(-0.3416666666666667)],[1],[0],[0],[1.6575578000010864],[None],166,0,166,0,311.24399229999835,,10,311.2349635999999,311.24399229999835,311.24399229999835,0.02522310000131256,312.8930350999981,[np.float64(-0.014166666666666666)],[np.float64(-0.3416666666666667)],[1],[0],[0],[1.6575578000010864],[None],p2,001,2025-09-30_21h09.57.944,04102024_3.0_Visual Search Task,,2025.1.1,59.93734150404627,2025-09-30 21h10.14.281051 +0530,
167,0,167,[np.float64(0.06833333333333333)],[np.float64(-0.050833333333333335)],[1],[0],[0],[1.5511979000002611],['target'],167,0,167,0,312.9222603999988,,10,312.91430799999944,312.9222603999988,312.9222603999988,0.021159399999305606,314.4665282999995,[np.float64(0.06833333333333333)],[np.float64(-0.050833333333333335)],[1],[0],[0],[1.5511979000002611],['target'],p2,001,2025-09-30_21h09.57.944,04102024_3.0_Visual Search Task,,2025.1.1,59.93734150404627,2025-09-30 21h10.14.281051 +0530,
168,0,168,[np.float64(0.43583333333333335)],[np.float64(-0.4608333333333333)],[1],[0],[0],[4.140522099998634],['target'],168,0,168,0,314.51873599999817,,10,314.5022265000007,314.51873599999817,314.51873599999817,0.03531910000310745,318.6437014999974,[np.float64(0.43583333333333335)],[np.float64(-0.4608333333333333)],[1],[0],[0],[4.140522099998634],['target'],p2,001,2025-09-30_21h09.57.944,04102024_3.0_Visual Search Task,,2025.1.1,59.93734150404627,2025-09-30 21h10.14.281051 +0530,
169,0,169,[np.float64(0.30583333333333335)],[np.float64(0.41083333333333333)],[1],[0],[0],[2.314090899999428],['target'],169,0,169,0,318.6708104999998,,10,318.6625101999998,318.6708104999998,318.6708104999998,0.01861519999874872,320.97753159999775,[np.float64(0.30583333333333335)],[np.float64(0.41083333333333333)],[1],[0],[0],[2.314090899999428],['target'],p2,001,2025-09-30_21h09.57.944,04102024_3.0_Visual Search Task,,2025.1.1,59.93734150404627,2025-09-30 21h10.14.281051 +0530,
170,0,170,[np.float64(0.4425)],[np.float64(-0.46416666666666667)],[1],[0],[0],[1.6544993999996223],['target'],170,0,170,0,320.99329469999793,,5,320.9881752000001,320.99329469999793,320.99329469999793,0.010457299998961389,322.6436834999986,[np.float64(0.4425)],[np.float64(-0.46416666666666667)],[1],[0],[0],[1.6544993999996223],['target'],p2,001,2025-09-30_21h09.57.944,04102024_3.0_Visual Search Task,,2025.1.1,59.93734150404627,2025-09-30 21h10.14.281051 +0530,
171,0,171,[np.float64(-0.45166666666666666)],[np.float64(-0.015833333333333335)],[1],[0],[0],[3.0772538000019267],['target'],171,0,171,0,322.6726748999972,,10,322.665438,322.6726748999972,322.6726748999972,0.02155250000214437,325.7437862000006,[np.float64(-0.45166666666666666)],[np.float64(-0.015833333333333335)],[1],[0],[0],[3.0772538000019267],['target'],p2,001,2025-09-30_21h09.57.944,04102024_3.0_Visual Search Task,,2025.1.1,59.93734150404627,2025-09-30 21h10.14.281051 +0530,
172,0,172,[np.float64(-0.05333333333333334)],[np.float64(0.2425)],[1],[0],[0],[1.8849827999983972],['target'],172,0,172,0,325.76355709999916,,5,325.7585500999994,325.76355709999916,325.76355709999916,0.014443899999605492,327.64465740000014,[np.float64(-0.05333333333333334)],[np.float64(0.2425)],[1],[0],[0],[1.8849827999983972],['target'],p2,001,2025-09-30_21h09.57.944,04102024_3.0_Visual Search Task,,2025.1.1,59.93734150404627,2025-09-30 21h10.14.281051 +0530,
173,0,173,[np.float64(0.23583333333333334)],[np.float64(-0.22916666666666666)],[1],[0],[0],[1.7505027000006521],['target'],173,0,173,0,327.6897642999975,,10,327.6771469999985,327.6897642999975,327.6897642999975,0.03224259999842616,329.428740299998,[np.float64(0.23583333333333334)],[np.float64(-0.22916666666666666)],[1],[0],[0],[1.7505027000006521],['target'],p2,001,2025-09-30_21h09.57.944,04102024_3.0_Visual Search Task,,2025.1.1,59.93734150404627,2025-09-30 21h10.14.281051 +0530,
174,0,174,[np.float64(-0.4008333333333333)],[np.float64(0.15)],[1],[0],[0],[1.3321739000020898],[None],174,0,174,0,329.47462169999926,,10,329.46123109999826,329.47462169999926,329.47462169999926,0.03217719999884139,330.79424279999876,[np.float64(-0.4008333333333333)],[np.float64(0.15)],[1],[0],[0],[1.3321739000020898],[None],p2,001,2025-09-30_21h09.57.944,04102024_3.0_Visual Search Task,,2025.1.1,59.93734150404627,2025-09-30 21h10.14.281051 +0530,
175,0,175,[np.float64(0.2575)],[np.float64(-0.45916666666666667)],[1],[0],[0],[1.5819588000013027],[None],175,0,175,0,330.8169175000003,,5,330.8098996999979,330.8169175000003,330.8169175000003,0.01548009999896749,332.3925041000002,[np.float64(0.2575)],[np.float64(-0.45916666666666667)],[1],[0],[0],[1.5819588000013027],[None],p2,001,2025-09-30_21h09.57.944,04102024_3.0_Visual Search Task,,2025.1.1,59.93734150404627,2025-09-30 21h10.14.281051 +0530,
176,0,176,[np.float64(0.20083333333333334)],[np.float64(-0.475)],[1],[0],[0],[0.9088938999993843],[None],176,0,176,0,332.4259994999993,,10,332.4182858999993,332.4259994999993,332.4259994999993,0.025664299999334617,333.3282457999994,[np.float64(0.20083333333333334)],[np.float64(-0.475)],[1],[0],[0],[0.9088938999993843],[None],p2,001,2025-09-30_21h09.57.944,04102024_3.0_Visual Search Task,,2025.1.1,59.93734150404627,2025-09-30 21h10.14.281051 +0530,
177,0,177,[np.float64(0.105)],[np.float64(0.14416666666666667)],[1],[0],[0],[1.9439601999984006],['target'],177,0,177,0,333.35616709999886,,10,333.3485803000003,333.35616709999886,333.35616709999886,0.019927599998482037,335.2936979999977,[np.float64(0.105)],[np.float64(0.14416666666666667)],[1],[0],[0],[1.9439601999984006],['target'],p2,001,2025-09-30_21h09.57.944,04102024_3.0_Visual Search Task,,2025.1.1,59.93734150404627,2025-09-30 21h10.14.281051 +0530,
178,0,178,[np.float64(-0.16416666666666666)],[np.float64(0.17333333333333334)],[1],[0],[0],[1.221884400001727],['target'],178,0,178,0,335.31045520000043,,5,335.305137299998,335.31045520000043,335.31045520000043,0.011217400002351496,336.52797759999885,[np.float64(-0.16416666666666666)],[np.float64(0.17333333333333334)],[1],[0],[0],[1.221884400001727],['target'],p2,001,2025-09-30_21h09.57.944,04102024_3.0_Visual Search Task,,2025.1.1,59.93734150404627,2025-09-30 21h10.14.281051 +0530,
179,0,179,[np.float64(0.1825)],[np.float64(-0.11583333333333333)],[1],[0],[0],[1.3371321000013268],['target'],179,0,179,0,336.54598989999795,,5,336.5409641999977,336.54598989999795,336.54598989999795,0.01275080000050366,337.8793107999991,[np.float64(0.1825)],[np.float64(-0.11583333333333333)],[1],[0],[0],[1.3371321000013268],['target'],p2,001,2025-09-30_21h09.57.944,04102024_3.0_Visual Search Task,,2025.1.1,59.93734150404627,2025-09-30 21h10.14.281051 +0530,
180,0,180,[np.float64(0.12083333333333333)],[np.float64(-0.11333333333333333)],[1],[0],[0],[1.031153500000073],[None],180,0,180,0,337.90322679999736,,5,337.8952081999996,337.90322679999736,337.90322679999736,0.015682199998991564,338.9274574999981,[np.float64(0.12083333333333333)],[np.float64(-0.11333333333333333)],[1],[0],[0],[1.031153500000073],[None],p2,001,2025-09-30_21h09.57.944,04102024_3.0_Visual Search Task,,2025.1.1,59.93734150404627,2025-09-30 21h10.14.281051 +0530,
181,0,181,[np.float64(-0.016666666666666666)],[np.float64(-0.42083333333333334)],[1],[0],[0],[1.6837415999980294],[None],181,0,181,0,338.9530866999994,,5,338.9446743999979,338.9530866999994,338.9530866999994,0.01690690000032191,340.6296806999999,[np.float64(-0.016666666666666666)],[np.float64(-0.42083333333333334)],[1],[0],[0],[1.6837415999980294],[None],p2,001,2025-09-30_21h09.57.944,04102024_3.0_Visual Search Task,,2025.1.1,59.93734150404627,2025-09-30 21h10.14.281051 +0530,
182,0,182,[np.float64(0.2925)],[np.float64(-0.4725)],[1],[0],[0],[1.4300619999994524],['target'],182,0,182,0,340.6539512999989,,5,340.6460478000008,340.6539512999989,340.6539512999989,0.016141500000230735,342.07715140000073,[np.float64(0.2925)],[np.float64(-0.4725)],[1],[0],[0],[1.4300619999994524],['target'],p2,001,2025-09-30_21h09.57.944,04102024_3.0_Visual Search Task,,2025.1.1,59.93734150404627,2025-09-30 21h10.14.281051 +0530,
183,0,183,[np.float64(0.4083333333333333)],[np.float64(-0.14333333333333334)],[1],[0],[0],[1.3018176999976276],['target'],183,0,183,0,342.1229119999989,,10,342.10916069999803,342.1229119999989,342.1229119999989,0.03179720000116504,343.41194709999763,[np.float64(0.4083333333333333)],[np.float64(-0.14333333333333334)],[1],[0],[0],[1.3018176999976276],['target'],p2,001,2025-09-30_21h09.57.944,04102024_3.0_Visual Search Task,,2025.1.1,59.93734150404627,2025-09-30 21h10.14.281051 +0530,
184,0,184,[np.float64(0.35)],[np.float64(-0.06416666666666666)],[1],[0],[0],[1.1019440999989456],['target'],184,0,184,0,343.4579965999983,,10,343.4426867000002,343.4579965999983,343.4579965999983,0.030503000001772307,344.5459211999987,[np.float64(0.35)],[np.float64(-0.06416666666666666)],[1],[0],[0],[1.1019440999989456],['target'],p2,001,2025-09-30_21h09.57.944,04102024_3.0_Visual Search Task,,2025.1.1,59.93734150404627,2025-09-30 21h10.14.281051 +0530,
185,0,185,[np.float64(-0.3516666666666667)],[np.float64(-0.0775)],[1],[0],[0],[3.264451700000791],['target'],185,0,185,0,344.5901546999994,,10,344.57750490000035,344.5901546999994,344.5901546999994,0.03129610000178218,347.8428634999982,[np.float64(-0.3516666666666667)],[np.float64(-0.0775)],[1],[0],[0],[3.264451700000791],['target'],p2,001,2025-09-30_21h09.57.944,04102024_3.0_Visual Search Task,,2025.1.1,59.93734150404627,2025-09-30 21h10.14.281051 +0530,
186,0,186,[np.float64(0.4325)],[np.float64(-0.09416666666666666)],[1],[0],[0],[1.830681800001912],[None],186,0,186,0,347.8699979999983,,10,347.86126420000073,347.8699979999983,347.8699979999983,0.018107800002326258,349.6924508999982,[np.float64(0.4325)],[np.float64(-0.09416666666666666)],[1],[0],[0],[1.830681800001912],[None],p2,001,2025-09-30_21h09.57.944,04102024_3.0_Visual Search Task,,2025.1.1,59.93734150404627,2025-09-30 21h10.14.281051 +0530,
187,0,187,[np.float64(0.3025)],[np.float64(0.11083333333333334)],[1],[0],[0],[1.6322318999991694],['target'],187,0,187,0,349.7075748999996,,5,349.70193909999944,349.7075748999996,349.7075748999996,0.009379500002978602,351.3349015999993,[np.float64(0.3025)],[np.float64(0.11083333333333334)],[1],[0],[0],[1.6322318999991694],['target'],p2,001,2025-09-30_21h09.57.944,04102024_3.0_Visual Search Task,,2025.1.1,59.93734150404627,2025-09-30 21h10.14.281051 +0530,
188,0,188,[np.float64(0.4475)],[np.float64(0.3258333333333333)],[1],[0],[0],[1.3902797000009741],['target'],188,0,188,0,351.4145869999993,,5,351.3896343999986,351.4145869999993,351.4145869999993,0.05490719999943394,352.78051219999907,[np.float64(0.4475)],[np.float64(0.3258333333333333)],[1],[0],[0],[1.3902797000009741],['target'],p2,001,2025-09-30_21h09.57.944,04102024_3.0_Visual Search Task,,2025.1.1,59.93734150404627,2025-09-30 21h10.14.281051 +0530,
189,0,189,[np.float64(-0.23916666666666667)],[np.float64(-0.016666666666666666)],[1],[0],[0],[1.5720836000000418],['target'],189,0,189,0,352.8169965999987,,10,352.8071321999996,352.8169965999987,352.8169965999987,0.026458500000444474,354.3801002,[np.float64(-0.23916666666666667)],[np.float64(-0.016666666666666666)],[1],[0],[0],[1.5720836000000418],['target'],p2,001,2025-09-30_21h09.57.944,04102024_3.0_Visual Search Task,,2025.1.1,59.93734150404627,2025-09-30 21h10.14.281051 +0530,
190,0,190,[np.float64(-0.05416666666666667)],[np.float64(-0.4483333333333333)],[1],[0],[0],[1.5125384999992093],['target'],190,0,190,0,354.41069289999723,,10,354.40103159999853,354.41069289999723,354.41069289999723,0.020741599997563753,355.91421999999875,[np.float64(-0.05416666666666667)],[np.float64(-0.4483333333333333)],[1],[0],[0],[1.5125384999992093],['target'],p2,001,2025-09-30_21h09.57.944,04102024_3.0_Visual Search Task,,2025.1.1,59.93734150404627,2025-09-30 21h10.14.281051 +0530,
191,0,191,[np.float64(0.2125)],[np.float64(-0.08666666666666667)],[1],[0],[0],[1.5348822999985714],['target'],191,0,191,0,355.93419549999817,,5,355.9281286000005,355.93419549999817,355.93419549999817,0.013669500000105472,357.46345459999793,[np.float64(0.2125)],[np.float64(-0.08666666666666667)],[1],[0],[0],[1.5348822999985714],['target'],p2,001,2025-09-30_21h09.57.944,04102024_3.0_Visual Search Task,,2025.1.1,59.93734150404627,2025-09-30 21h10.14.281051 +0530,
192,0,192,[np.float64(0.0008333333333333334)],[np.float64(-0.049166666666666664)],[1],[0],[0],[6.456832200001372],['target'],192,0,192,0,357.4958719999995,,10,357.48503530000016,357.4958719999995,357.4958719999995,0.021471100000781007,363.94309639999847,[np.float64(0.0008333333333333334)],[np.float64(-0.049166666666666664)],[1],[0],[0],[6.456832200001372],['target'],p2,001,2025-09-30_21h09.57.944,04102024_3.0_Visual Search Task,,2025.1.1,59.93734150404627,2025-09-30 21h10.14.281051 +0530,
193,0,193,[np.float64(-0.28833333333333333)],[np.float64(-0.3233333333333333)],[1],[0],[0],[1.8200434999998834],[None],193,0,193,0,363.96094190000076,,5,363.95611009999993,363.96094190000076,363.96094190000076,0.012717300000076648,365.7772899999982,[np.float64(-0.28833333333333333)],[np.float64(-0.3233333333333333)],[1],[0],[0],[1.8200434999998834],[None],p2,001,2025-09-30_21h09.57.944,04102024_3.0_Visual Search Task,,2025.1.1,59.93734150404627,2025-09-30 21h10.14.281051 +0530,
194,0,194,[np.float64(-0.05416666666666667)],[np.float64(0.14166666666666666)],[1],[0],[0],[1.5634133000021393],['target'],194,0,194,0,365.80420199999935,,10,365.79672629999914,365.80420199999935,365.80420199999935,0.01923979999992298,367.3611648999977,[np.float64(-0.05416666666666667)],[np.float64(0.14166666666666666)],[1],[0],[0],[1.5634133000021393],['target'],p2,001,2025-09-30_21h09.57.944,04102024_3.0_Visual Search Task,,2025.1.1,59.93734150404627,2025-09-30 21h10.14.281051 +0530,
195,0,195,[np.float64(0.36916666666666664)],[np.float64(0.018333333333333333)],[1],[0],[0],[1.3421974000011687],['target'],195,0,195,0,367.3896954999982,,10,367.3824573999991,367.3896954999982,367.3896954999982,0.020937099998263875,368.7251491999996,[np.float64(0.36916666666666664)],[np.float64(0.018333333333333333)],[1],[0],[0],[1.3421974000011687],['target'],p2,001,2025-09-30_21h09.57.944,04102024_3.0_Visual Search Task,,2025.1.1,59.93734150404627,2025-09-30 21h10.14.281051 +0530,
196,0,196,[np.float64(-0.4375)],[np.float64(0.16)],[1],[0],[0],[1.448922900002799],['target'],196,0,196,0,368.75115449999794,,10,368.7438121999985,368.75115449999794,368.75115449999794,0.018546900002547773,370.1936999999998,[np.float64(-0.4375)],[np.float64(0.16)],[1],[0],[0],[1.448922900002799],['target'],p2,001,2025-09-30_21h09.57.944,04102024_3.0_Visual Search Task,,2025.1.1,59.93734150404627,2025-09-30 21h10.14.281051 +0530,
197,0,197,[np.float64(-0.14333333333333334)],[np.float64(-0.455)],[1],[0],[0],[1.9378958999986935],['target'],197,0,197,0,370.2098502999979,,5,370.2042610999997,370.2098502999979,370.2098502999979,0.010364300000219373,372.14321270000073,[np.float64(-0.14333333333333334)],[np.float64(-0.455)],[1],[0],[0],[1.9378958999986935],['target'],p2,001,2025-09-30_21h09.57.944,04102024_3.0_Visual Search Task,,2025.1.1,59.93734150404627,2025-09-30 21h10.14.281051 +0530,
198,0,198,[np.float64(0.19416666666666665)],[np.float64(-0.4)],[1],[0],[0],[1.5009049000000232],['target'],198,0,198,0,372.1621902000006,,5,372.1573740999993,372.1621902000006,372.1621902000006,0.013930200002505444,373.6595261000002,[np.float64(0.19416666666666665)],[np.float64(-0.4)],[1],[0],[0],[1.5009049000000232],['target'],p2,001,2025-09-30_21h09.57.944,04102024_3.0_Visual Search Task,,2025.1.1,59.93734150404627,2025-09-30 21h10.14.281051 +0530,
199,0,199,[np.float64(-0.11083333333333334)],[np.float64(-0.4266666666666667)],[1],[0],[0],[1.2876906999990752],[None],199,0,199,0,373.67845809999926,,5,373.67319900000075,373.67845809999926,373.67845809999926,0.013422799998807022,374.9623199999987,[np.float64(-0.11083333333333334)],[np.float64(-0.4266666666666667)],[1],[0],[0],[1.2876906999990752],[None],p2,001,2025-09-30_21h09.57.944,04102024_3.0_Visual Search Task,,2025.1.1,59.93734150404627,2025-09-30 21h10.14.281051 +0530,
