pos,corr_resp,thisN,thisTrialN,thisRepN,key_resp.keys,key_resp.corr,key_resp.rt,key_resp.duration,trials.thisRepN,trials.thisTrialN,trials.thisN,trials.thisIndex,trials_2.thisRepN,trials_2.thisTrialN,trials_2.thisN,trials_2.thisIndex,thisRow.t,notes,trial.started,fixation.started,line1.started,line2.started,line3.started,line4.started,fixation.stopped,probe.started,key_resp.started,trial.stopped,trials.key_resp.keys,trials.key_resp.corr,trials.key_resp.rt,trials.key_resp.duration,trials_2.key_resp.keys,trials_2.key_resp.corr,trials_2.key_resp.rt,trials_2.key_resp.duration,participant,session,date,expName,expVersion,psychopyVersion,frameRate,expStart,
-50,x,0,0,0,x,1,0.41720369999529794,None,0,0,0,0,,,,,0.011881300000823103,,0.00877180001407396,0.011881300000823103,1.006730900000548,1.006730900000548,1.006730900000548,1.006730900000548,1.0232148000068264,2.0066299000027357,2.0066299000027357,2.4347142000042368,x,1,0.41720369999529794,None,,,,,participant5,001,2025-10-05_01h23.39.517,11102024_4.0_Motor Sequence Learning,,2025.1.1,60.03546895955558,2025-10-05 01h24.10.207270 +0530,
150,v,1,1,0,v,1,0.2775810999883106,None,0,1,1,1,,,,,2.4400679000100354,,2.435057800001232,2.4400679000100354,3.4400823000032688,3.4400823000032688,3.4400823000032688,3.4400823000032688,3.4400823000032688,4.4403707000019494,4.4403707000019494,4.726350800003274,v,1,0.2775810999883106,None,,,,,participant5,001,2025-10-05_01h23.39.517,11102024_4.0_Motor Sequence Learning,,2025.1.1,60.03546895955558,2025-10-05 01h24.10.207270 +0530,
50,c,2,2,0,c,1,0.2882724999944912,None,0,2,2,2,,,,,4.74088360001042,,4.726876600005198,4.74088360001042,5.740384800010361,5.740384800010361,5.740384800010361,5.740384800010361,5.740384800010361,6.741101200008416,6.741101200008416,7.041133900012937,c,1,0.2882724999944912,None,,,,,participant5,001,2025-10-05_01h23.39.517,11102024_4.0_Motor Sequence Learning,,2025.1.1,60.03546895955558,2025-10-05 01h24.10.207270 +0530,
-150,z,3,3,0,z,1,0.2656533999979729,None,0,3,3,3,,,,,7.056475200006389,,7.0413986000057776,7.056475200006389,8.056625900004292,8.056625900004292,8.056625900004292,8.056625900004292,8.056625900004292,9.056538200005889,9.056538200005889,9.324638100006268,z,1,0.2656533999979729,None,,,,,participant5,001,2025-10-05_01h23.39.517,11102024_4.0_Motor Sequence Learning,,2025.1.1,60.03546895955558,2025-10-05 01h24.10.207270 +0530,
-50,x,4,0,1,x,1,0.47548969999479596,None,1,0,4,0,,,,,9.339977800002089,,9.324884600006044,9.339977800002089,10.339990800013766,10.339990800013766,10.339990800013766,10.339990800013766,10.339990800013766,11.339757900001132,11.339757900001132,11.824484200013103,x,1,0.47548969999479596,None,,,,,participant5,001,2025-10-05_01h23.39.517,11102024_4.0_Motor Sequence Learning,,2025.1.1,60.03546895955558,2025-10-05 01h24.10.207270 +0530,
150,v,5,1,1,v,1,0.25955380000232253,None,1,1,5,1,,,,,11.839697800009162,,11.824746199999936,11.839697800009162,12.839727100013988,12.839727100013988,12.839727100013988,12.839727100013988,12.839727100013988,13.840056200002437,13.840056200002437,14.109008600004017,v,1,0.25955380000232253,None,,,,,participant5,001,2025-10-05_01h23.39.517,11102024_4.0_Motor Sequence Learning,,2025.1.1,60.03546895955558,2025-10-05 01h24.10.207270 +0530,
50,c,6,2,1,c,1,0.04059620000771247,None,1,2,6,2,,,,,14.123159700000542,,14.10938310000347,14.123159700000542,15.1231972000096,15.1231972000096,15.1231972000096,15.1231972000096,15.1231972000096,16.123041000013473,16.123041000013473,16.174529400013853,c,1,0.04059620000771247,None,,,,,participant5,001,2025-10-05_01h23.39.517,11102024_4.0_Motor Sequence Learning,,2025.1.1,60.03546895955558,2025-10-05 01h24.10.207270 +0530,
-150,z,7,3,1,z,1,0.2765344999934314,None,1,3,7,3,,,,,16.189861300008488,,16.174774900006014,16.189861300008488,17.19001710000157,17.19001710000157,17.19001710000157,17.19001710000157,17.19001710000157,18.189754200007883,18.189754200007883,18.475812600008794,z,1,0.2765344999934314,None,,,,,participant5,001,2025-10-05_01h23.39.517,11102024_4.0_Motor Sequence Learning,,2025.1.1,60.03546895955558,2025-10-05 01h24.10.207270 +0530,
-50,x,8,0,2,x,1,0.24965340000926517,None,2,0,8,0,,,,,18.489945600013016,,18.476521500007948,18.489945600013016,19.49001350000617,19.49001350000617,19.49001350000617,19.49001350000617,19.49001350000617,20.48981840000488,20.48981840000488,20.74260770001274,x,1,0.24965340000926517,None,,,,,participant5,001,2025-10-05_01h23.39.517,11102024_4.0_Motor Sequence Learning,,2025.1.1,60.03546895955558,2025-10-05 01h24.10.207270 +0530,
150,v,9,1,2,v,1,0.17463739999220707,None,2,1,9,1,,,,,20.756563100003405,,20.742839300000924,20.756563100003405,21.75624180000159,21.75624180000159,21.75624180000159,21.75624180000159,21.75624180000159,22.756302300011157,22.756302300011157,22.94100310000067,v,1,0.17463739999220707,None,,,,,participant5,001,2025-10-05_01h23.39.517,11102024_4.0_Motor Sequence Learning,,2025.1.1,60.03546895955558,2025-10-05 01h24.10.207270 +0530,
50,c,10,2,2,c,1,0.17294350000156555,None,2,2,10,2,,,,,22.956391700005042,,22.941227900009835,22.956391700005042,23.956271300005028,23.956271300005028,23.956271300005028,23.956271300005028,23.956271300005028,24.956395500004874,24.956395500004874,25.141376300001866,c,1,0.17294350000156555,None,,,,,participant5,001,2025-10-05_01h23.39.517,11102024_4.0_Motor Sequence Learning,,2025.1.1,60.03546895955558,2025-10-05 01h24.10.207270 +0530,
-150,z,11,3,2,z,1,0.006901599990669638,None,2,3,11,3,,,,,25.156683100009104,,25.141700200008927,25.156683100009104,26.15646400001424,26.15646400001424,26.15646400001424,26.15646400001424,26.15646400001424,27.156152700001257,27.156152700001257,27.174480800007586,z,1,0.006901599990669638,None,,,,,participant5,001,2025-10-05_01h23.39.517,11102024_4.0_Motor Sequence Learning,,2025.1.1,60.03546895955558,2025-10-05 01h24.10.207270 +0530,
-50,x,12,0,3,x,1,0.25690469999972265,None,3,0,12,0,,,,,27.18947250000201,,27.174717700007022,27.18947250000201,28.18961690001015,28.18961690001015,28.18961690001015,28.18961690001015,28.18961690001015,29.189527400012594,29.189527400012594,29.45745820000593,x,1,0.25690469999972265,None,,,,,participant5,001,2025-10-05_01h23.39.517,11102024_4.0_Motor Sequence Learning,,2025.1.1,60.03546895955558,2025-10-05 01h24.10.207270 +0530,
150,v,13,1,3,v,1,0.26193500000226777,None,3,1,13,1,,,,,29.472859700006666,,29.45768930000486,29.472859700006666,30.47285470001225,30.47285470001225,30.47285470001225,30.47285470001225,30.47285470001225,31.4728208000015,31.4728208000015,31.740631300010136,v,1,0.26193500000226777,None,,,,,participant5,001,2025-10-05_01h23.39.517,11102024_4.0_Motor Sequence Learning,,2025.1.1,60.03546895955558,2025-10-05 01h24.10.207270 +0530,
50,c,14,2,3,c,1,0.008077899998170324,None,3,2,14,2,,,,,31.756147300009616,,31.74085830000695,31.756147300009616,32.75615749999997,32.75615749999997,32.75615749999997,32.75615749999997,32.75615749999997,33.75645720001194,33.75645720001194,33.77434940000239,c,1,0.008077899998170324,None,,,,,participant5,001,2025-10-05_01h23.39.517,11102024_4.0_Motor Sequence Learning,,2025.1.1,60.03546895955558,2025-10-05 01h24.10.207270 +0530,
-150,z,15,3,3,z,1,0.1587157999892952,None,3,3,15,3,,,,,33.7897568000044,,33.77463950001402,33.7897568000044,34.78958480000438,34.78958480000438,34.78958480000438,34.78958480000438,34.78958480000438,35.78937450000376,35.78937450000376,35.95779760000005,z,1,0.1587157999892952,None,,,,,participant5,001,2025-10-05_01h23.39.517,11102024_4.0_Motor Sequence Learning,,2025.1.1,60.03546895955558,2025-10-05 01h24.10.207270 +0530,
-50,x,16,0,4,x,1,0.25630640001327265,None,4,0,16,0,,,,,35.97293210000498,,35.958028400011244,35.97293210000498,36.97279430000344,36.97279430000344,36.97279430000344,36.97279430000344,36.97279430000344,37.97404690000985,37.97404690000985,38.241556200009654,x,1,0.25630640001327265,None,,,,,participant5,001,2025-10-05_01h23.39.517,11102024_4.0_Motor Sequence Learning,,2025.1.1,60.03546895955558,2025-10-05 01h24.10.207270 +0530,
150,v,17,1,4,v,1,0.22124289999192115,None,4,1,17,1,,,,,38.2563877000066,,38.24187450000318,38.2563877000066,39.256225800010725,39.256225800010725,39.256225800010725,39.256225800010725,39.256225800010725,40.25618120000581,40.25618120000581,40.49083840000094,v,1,0.22124289999192115,None,,,,,participant5,001,2025-10-05_01h23.39.517,11102024_4.0_Motor Sequence Learning,,2025.1.1,60.03546895955558,2025-10-05 01h24.10.207270 +0530,
50,c,18,2,4,c,1,0.24098609999055043,None,4,2,18,2,,,,,40.50635320000583,,40.49106890000985,40.50635320000583,41.506095400007325,41.506095400007325,41.506095400007325,41.506095400007325,41.506095400007325,42.50632620000397,42.50632620000397,42.75756940001156,c,1,0.24098609999055043,None,,,,,participant5,001,2025-10-05_01h23.39.517,11102024_4.0_Motor Sequence Learning,,2025.1.1,60.03546895955558,2025-10-05 01h24.10.207270 +0530,
-150,z,19,3,4,z,1,0.5556254999974044,None,4,3,19,3,,,,,42.7728000000061,,42.75779520001379,42.7728000000061,43.772735900012776,43.772735900012776,43.772735900012776,43.772735900012776,43.772735900012776,44.772641100003966,44.772641100003966,45.34095700000762,z,1,0.5556254999974044,None,,,,,participant5,001,2025-10-05_01h23.39.517,11102024_4.0_Motor Sequence Learning,,2025.1.1,60.03546895955558,2025-10-05 01h24.10.207270 +0530,
-50,x,20,0,5,x,1,0.5823858999938238,None,5,0,20,0,,,,,45.35608370001137,,45.34124610001163,45.35608370001137,46.33991720000631,46.33991720000631,46.33991720000631,46.33991720000631,46.35678680001001,47.35690030000114,47.35690030000114,47.9423431000032,x,1,0.5823858999938238,None,,,,,participant5,001,2025-10-05_01h23.39.517,11102024_4.0_Motor Sequence Learning,,2025.1.1,60.03546895955558,2025-10-05 01h24.10.207270 +0530,
150,v,21,1,5,v,1,0.1137460000027204,None,5,1,21,1,,,,,47.956110200000694,,47.94276190000528,47.956110200000694,48.9568755000073,48.9568755000073,48.9568755000073,48.9568755000073,48.9568755000073,49.95659090000845,49.95659090000845,50.07553650000773,v,1,0.1137460000027204,None,,,,,participant5,001,2025-10-05_01h23.39.517,11102024_4.0_Motor Sequence Learning,,2025.1.1,60.03546895955558,2025-10-05 01h24.10.207270 +0530,
50,c,22,2,5,c,1,0.3021355999953812,None,5,2,22,2,,,,,50.08991410001181,,50.075951300008455,50.08991410001181,51.09000800001377,51.09000800001377,51.09000800001377,51.09000800001377,51.09000800001377,52.08988250000402,52.08988250000402,52.40872850001324,c,1,0.3021355999953812,None,,,,,participant5,001,2025-10-05_01h23.39.517,11102024_4.0_Motor Sequence Learning,,2025.1.1,60.03546895955558,2025-10-05 01h24.10.207270 +0530,
-150,z,23,3,5,z,1,0.2565337999985786,None,5,3,23,3,,,,,52.42305170001055,,52.40915560000576,52.42305170001055,53.422900400008075,53.422900400008075,53.422900400008075,53.422900400008075,53.422900400008075,54.422629100008635,54.422629100008635,54.69288340001367,z,1,0.2565337999985786,None,,,,,participant5,001,2025-10-05_01h23.39.517,11102024_4.0_Motor Sequence Learning,,2025.1.1,60.03546895955558,2025-10-05 01h24.10.207270 +0530,
-50,x,24,0,6,x,1,0.11872769999899901,None,6,0,24,0,,,,,54.706249400012894,,54.69336220000696,54.706249400012894,55.70656550000422,55.70656550000422,55.70656550000422,55.70656550000422,55.70656550000422,56.70613850001246,56.70613850001246,56.82788609999989,x,1,0.11872769999899901,None,,,,,participant5,001,2025-10-05_01h23.39.517,11102024_4.0_Motor Sequence Learning,,2025.1.1,60.03546895955558,2025-10-05 01h24.10.207270 +0530,
150,v,25,1,6,v,1,0.25581360000069253,None,6,1,25,1,,,,,56.84005770001386,,56.82840800000122,56.84005770001386,57.83985310001299,57.83985310001299,57.83985310001299,57.83985310001299,57.83985310001299,58.84005560001242,58.84005560001242,59.10805630001414,v,1,0.25581360000069253,None,,,,,participant5,001,2025-10-05_01h23.39.517,11102024_4.0_Motor Sequence Learning,,2025.1.1,60.03546895955558,2025-10-05 01h24.10.207270 +0530,
50,c,26,2,6,c,1,0.03601599999819882,None,6,2,26,2,,,,,59.122731400013436,,59.10847820001072,59.122731400013436,60.12275840000075,60.12275840000075,60.12275840000075,60.12275840000075,60.12275840000075,61.12332830000378,61.12332830000378,61.17581830000563,c,1,0.03601599999819882,None,,,,,participant5,001,2025-10-05_01h23.39.517,11102024_4.0_Motor Sequence Learning,,2025.1.1,60.03546895955558,2025-10-05 01h24.10.207270 +0530,
-150,z,27,3,6,z,1,0.2353921000030823,None,6,3,27,3,,,,,61.190720900005545,,61.176347100001294,61.190720900005545,62.190231000000495,62.190231000000495,62.190231000000495,62.190231000000495,62.190231000000495,63.18990580001264,63.18990580001264,63.44215560000157,z,1,0.2353921000030823,None,,,,,participant5,001,2025-10-05_01h23.39.517,11102024_4.0_Motor Sequence Learning,,2025.1.1,60.03546895955558,2025-10-05 01h24.10.207270 +0530,
-50,x,28,0,7,x,1,0.3525807999976678,None,7,0,28,0,,,,,63.456325200007996,,63.44265200001246,63.456325200007996,64.45649330000742,64.45649330000742,64.45649330000742,64.45649330000742,64.45649330000742,65.45655410000472,65.45655410000472,65.82605110001168,x,1,0.3525807999976678,None,,,,,participant5,001,2025-10-05_01h23.39.517,11102024_4.0_Motor Sequence Learning,,2025.1.1,60.03546895955558,2025-10-05 01h24.10.207270 +0530,
150,v,29,1,7,v,1,0.6703710000001593,None,7,1,29,1,,,,,65.8398678000085,,65.82655860000523,65.8398678000085,66.8399444000097,66.8399444000097,66.8399444000097,66.8399444000097,66.8399444000097,67.83975120000832,67.83975120000832,68.52642070000002,v,1,0.6703710000001593,None,,,,,participant5,001,2025-10-05_01h23.39.517,11102024_4.0_Motor Sequence Learning,,2025.1.1,60.03546895955558,2025-10-05 01h24.10.207270 +0530,
50,c,30,2,7,c,1,0.3391822000121465,None,7,2,30,2,,,,,68.53968890001124,,68.52703110000584,68.53968890001124,69.53963250000379,69.53963250000379,69.53963250000379,69.53963250000379,69.53963250000379,70.54002520001086,70.54002520001086,70.89295020001009,c,1,0.3391822000121465,None,,,,,participant5,001,2025-10-05_01h23.39.517,11102024_4.0_Motor Sequence Learning,,2025.1.1,60.03546895955558,2025-10-05 01h24.10.207270 +0530,
-150,z,31,3,7,z,1,0.24762080000073183,None,7,3,31,3,,,,,70.90631730000314,,70.89355970000906,70.90631730000314,71.90644100001373,71.90644100001373,71.90644100001373,71.90644100001373,71.90644100001373,72.90636930000619,72.90636930000619,73.15861030000087,z,1,0.24762080000073183,None,,,,,participant5,001,2025-10-05_01h23.39.517,11102024_4.0_Motor Sequence Learning,,2025.1.1,60.03546895955558,2025-10-05 01h24.10.207270 +0530,
-50,x,32,0,8,x,1,0.25979979999829084,None,8,0,32,0,,,,,73.17298550000123,,73.15902350000397,73.17298550000123,74.17291360000672,74.17291360000672,74.17291360000672,74.17291360000672,74.17291360000672,75.17271950001305,75.17271950001305,75.44259400000738,x,1,0.25979979999829084,None,,,,,participant5,001,2025-10-05_01h23.39.517,11102024_4.0_Motor Sequence Learning,,2025.1.1,60.03546895955558,2025-10-05 01h24.10.207270 +0530,
150,v,33,1,8,v,1,0.34230799999204464,None,8,1,33,1,,,,,75.45644360000733,,75.44303920000675,75.45644360000733,76.45647890001419,76.45647890001419,76.45647890001419,76.45647890001419,76.45647890001419,77.45615950001229,77.45615950001229,77.80896230001235,v,1,0.34230799999204464,None,,,,,participant5,001,2025-10-05_01h23.39.517,11102024_4.0_Motor Sequence Learning,,2025.1.1,60.03546895955558,2025-10-05 01h24.10.207270 +0530,
50,c,34,2,8,c,1,0.2794958000013139,None,8,2,34,2,,,,,77.82290020000073,,77.80943180000759,77.82290020000073,78.82299700001022,78.82299700001022,78.82299700001022,78.82299700001022,78.82299700001022,79.82272800001374,79.82272800001374,80.10857460000261,c,1,0.2794958000013139,None,,,,,participant5,001,2025-10-05_01h23.39.517,11102024_4.0_Motor Sequence Learning,,2025.1.1,60.03546895955558,2025-10-05 01h24.10.207270 +0530,
-150,z,35,3,8,z,1,0.23290909999923315,None,8,3,35,3,,,,,80.12327610001375,,80.10901470000681,80.12327610001375,81.12289630000305,81.12289630000305,81.12289630000305,81.12289630000305,81.12289630000305,82.12289410000085,82.12289410000085,82.35908420001215,z,1,0.23290909999923315,None,,,,,participant5,001,2025-10-05_01h23.39.517,11102024_4.0_Motor Sequence Learning,,2025.1.1,60.03546895955558,2025-10-05 01h24.10.207270 +0530,
-50,x,36,0,9,x,1,0.202322599987383,None,9,0,36,0,,,,,82.37266430001182,,82.35954130000027,82.37266430001182,83.37312240000756,83.37312240000756,83.37312240000756,83.37312240000756,83.37312240000756,84.3729774000094,84.3729774000094,84.59214560000692,x,1,0.202322599987383,None,,,,,participant5,001,2025-10-05_01h23.39.517,11102024_4.0_Motor Sequence Learning,,2025.1.1,60.03546895955558,2025-10-05 01h24.10.207270 +0530,
150,v,37,1,9,v,1,0.2125289999967208,None,9,1,37,1,,,,,84.60625820000132,,84.59260550000181,84.60625820000132,85.60629750000953,85.60629750000953,85.60629750000953,85.60629750000953,85.60629750000953,86.605661900001,86.605661900001,86.82478690000426,v,1,0.2125289999967208,None,,,,,participant5,001,2025-10-05_01h23.39.517,11102024_4.0_Motor Sequence Learning,,2025.1.1,60.03546895955558,2025-10-05 01h24.10.207270 +0530,
50,c,38,2,9,c,1,0.16827650000050198,None,9,2,38,2,,,,,86.8394946000044,,86.82520060001116,86.8394946000044,87.83928560001368,87.83928560001368,87.83928560001368,87.83928560001368,87.83928560001368,88.83943720000389,88.83943720000389,89.02552010001091,c,1,0.16827650000050198,None,,,,,participant5,001,2025-10-05_01h23.39.517,11102024_4.0_Motor Sequence Learning,,2025.1.1,60.03546895955558,2025-10-05 01h24.10.207270 +0530,
-150,z,39,3,9,z,1,0.1524482000095304,None,9,3,39,3,,,,,89.03963670000667,,89.02599620001274,89.03963670000667,90.03931560000638,90.03931560000638,90.03931560000638,90.03931560000638,90.03931560000638,91.039611900007,91.039611900007,91.20908740001323,z,1,0.1524482000095304,None,,,,,participant5,001,2025-10-05_01h23.39.517,11102024_4.0_Motor Sequence Learning,,2025.1.1,60.03546895955558,2025-10-05 01h24.10.207270 +0530,
-50,x,40,0,10,x,1,0.2535677999985637,None,10,0,40,0,,,,,91.22271410000394,,91.2096021000034,91.22271410000394,92.22295330000634,92.22295330000634,92.22295330000634,92.22295330000634,92.22295330000634,93.22273820001283,93.22273820001283,93.49226320000889,x,1,0.2535677999985637,None,,,,,participant5,001,2025-10-05_01h23.39.517,11102024_4.0_Motor Sequence Learning,,2025.1.1,60.03546895955558,2025-10-05 01h24.10.207270 +0530,
150,v,41,1,10,v,1,0.35237949999282137,None,10,1,41,1,,,,,93.50598680000985,,93.49277370001073,93.50598680000985,94.50557520000439,94.50557520000439,94.50557520000439,94.50557520000439,94.50557520000439,95.50588640000205,95.50588640000205,95.8761855000048,v,1,0.35237949999282137,None,,,,,participant5,001,2025-10-05_01h23.39.517,11102024_4.0_Motor Sequence Learning,,2025.1.1,60.03546895955558,2025-10-05 01h24.10.207270 +0530,
50,c,42,2,10,c,1,0.24805000000924338,None,10,2,42,2,,,,,95.88927130000957,,95.87689640000463,95.88927130000957,96.88925560000644,96.88925560000644,96.88925560000644,96.88925560000644,96.88925560000644,97.88931900000898,97.88931900000898,98.14223150000907,c,1,0.24805000000924338,None,,,,,participant5,001,2025-10-05_01h23.39.517,11102024_4.0_Motor Sequence Learning,,2025.1.1,60.03546895955558,2025-10-05 01h24.10.207270 +0530,
-150,z,43,3,10,z,1,0.26041350000014063,None,10,3,43,3,,,,,98.15586380001332,,98.14271480000752,98.15586380001332,99.15594570001122,99.15594570001122,99.15594570001122,99.15594570001122,99.15594570001122,100.15595870000834,100.15595870000834,100.42541330000677,z,1,0.26041350000014063,None,,,,,participant5,001,2025-10-05_01h23.39.517,11102024_4.0_Motor Sequence Learning,,2025.1.1,60.03546895955558,2025-10-05 01h24.10.207270 +0530,
-50,x,44,0,11,x,1,0.27019819999986794,None,11,0,44,0,,,,,100.43923750000249,,100.42592570000852,100.43923750000249,101.4390768000012,101.4390768000012,101.4390768000012,101.4390768000012,101.4390768000012,102.43906680001237,102.43906680001237,102.72550640000554,x,1,0.27019819999986794,None,,,,,participant5,001,2025-10-05_01h23.39.517,11102024_4.0_Motor Sequence Learning,,2025.1.1,60.03546895955558,2025-10-05 01h24.10.207270 +0530,
150,v,45,1,11,v,1,0.20548869999765884,None,11,1,45,1,,,,,102.73947730001237,,102.72608810001111,102.73947730001237,103.73931760000414,103.73931760000414,103.73931760000414,103.73931760000414,103.73931760000414,104.74076170001354,104.74076170001354,104.95718840000336,v,1,0.20548869999765884,None,,,,,participant5,001,2025-10-05_01h23.39.517,11102024_4.0_Motor Sequence Learning,,2025.1.1,60.03546895955558,2025-10-05 01h24.10.207270 +0530,
50,c,46,2,11,c,1,0.21464540000306442,None,11,2,46,2,,,,,104.97208970000793,,104.9575826000073,104.97208970000793,105.9722635000071,105.9722635000071,105.9722635000071,105.9722635000071,105.9722635000071,106.97232000000076,106.97232000000076,107.19263280001178,c,1,0.21464540000306442,None,,,,,participant5,001,2025-10-05_01h23.39.517,11102024_4.0_Motor Sequence Learning,,2025.1.1,60.03546895955558,2025-10-05 01h24.10.207270 +0530,
-150,z,47,3,11,z,1,0.11740309999731835,None,11,3,47,3,,,,,107.205718600002,,107.19310550000228,107.205718600002,108.20587600000727,108.20587600000727,108.20587600000727,108.20587600000727,108.20587600000727,109.20601340000576,109.20601340000576,109.32627250000951,z,1,0.11740309999731835,None,,,,,participant5,001,2025-10-05_01h23.39.517,11102024_4.0_Motor Sequence Learning,,2025.1.1,60.03546895955558,2025-10-05 01h24.10.207270 +0530,
-50,x,48,0,12,x,1,0.35208589999820106,None,12,0,48,0,,,,,109.33932740001183,,109.32676210001227,109.33932740001183,110.33920890001173,110.33920890001173,110.33920890001173,110.33920890001173,110.33920890001173,111.33894080000755,111.33894080000755,111.70864340000844,x,1,0.35208589999820106,None,,,,,participant5,001,2025-10-05_01h23.39.517,11102024_4.0_Motor Sequence Learning,,2025.1.1,60.03546895955558,2025-10-05 01h24.10.207270 +0530,
150,v,49,1,12,v,1,0.3779767000087304,None,12,1,49,1,,,,,111.72224120001192,,111.70911470000283,111.72224120001192,112.72250920000079,112.72250920000079,112.72250920000079,112.72250920000079,112.72250920000079,113.72251600000891,113.72251600000891,114.10783530000481,v,1,0.3779767000087304,None,,,,,participant5,001,2025-10-05_01h23.39.517,11102024_4.0_Motor Sequence Learning,,2025.1.1,60.03546895955558,2025-10-05 01h24.10.207270 +0530,
50,c,50,2,12,c,1,None,None,12,2,50,2,,,,,114.12240400000883,,114.10836600000039,114.12240400000883,115.12195650000649,115.12195650000649,115.12195650000649,115.12195650000649,115.12195650000649,116.12223110000195,116.12223110000195,116.30777320000925,c,1,None,None,,,,,participant5,001,2025-10-05_01h23.39.517,11102024_4.0_Motor Sequence Learning,,2025.1.1,60.03546895955558,2025-10-05 01h24.10.207270 +0530,
-150,z,51,3,12,z,1,0.5259716000000481,None,12,3,51,3,,,,,116.32202350000443,,116.30817180000304,116.32202350000443,117.32210590000614,117.32210590000614,117.32210590000614,117.32210590000614,117.32210590000614,118.32247530001041,118.32247530001041,118.8587186000077,z,1,0.5259716000000481,None,,,,,participant5,001,2025-10-05_01h23.39.517,11102024_4.0_Motor Sequence Learning,,2025.1.1,60.03546895955558,2025-10-05 01h24.10.207270 +0530,
-50,x,52,0,13,x,1,0.22483289999945555,None,13,0,52,0,,,,,118.87243810000655,,118.85918880000827,118.87243810000655,119.87211040001421,119.87211040001421,119.87211040001421,119.87211040001421,119.87211040001421,120.87220180001168,120.87220180001168,121.1086132000055,x,1,0.22483289999945555,None,,,,,participant5,001,2025-10-05_01h23.39.517,11102024_4.0_Motor Sequence Learning,,2025.1.1,60.03546895955558,2025-10-05 01h24.10.207270 +0530,
150,v,53,1,13,v,1,0.23359519999939948,None,13,1,53,1,,,,,121.12233580001339,,121.10913620000065,121.12233580001339,122.12232130000484,122.12232130000484,122.12232130000484,122.12232130000484,122.12232130000484,123.12208170001395,123.12208170001395,123.3591785000026,v,1,0.23359519999939948,None,,,,,participant5,001,2025-10-05_01h23.39.517,11102024_4.0_Motor Sequence Learning,,2025.1.1,60.03546895955558,2025-10-05 01h24.10.207270 +0530,
50,c,54,2,13,c,1,0.24873720000323374,None,13,2,54,2,,,,,123.37174360000063,,123.35970430000452,123.37174360000063,124.37217110001075,124.37217110001075,124.37217110001075,124.37217110001075,124.37217110001075,125.37291900000127,125.37291900000127,125.62461930001155,c,1,0.24873720000323374,None,,,,,participant5,001,2025-10-05_01h23.39.517,11102024_4.0_Motor Sequence Learning,,2025.1.1,60.03546895955558,2025-10-05 01h24.10.207270 +0530,
-150,z,55,3,13,z,1,0.20552040000620764,None,13,3,55,3,,,,,125.63874900000519,,125.62512920000881,125.63874900000519,126.63833500001056,126.63833500001056,126.63833500001056,126.63833500001056,126.63833500001056,127.63844490000338,127.63844490000338,127.85816860001069,z,1,0.20552040000620764,None,,,,,participant5,001,2025-10-05_01h23.39.517,11102024_4.0_Motor Sequence Learning,,2025.1.1,60.03546895955558,2025-10-05 01h24.10.207270 +0530,
-50,x,56,0,14,x,1,0.24334209998778533,None,14,0,56,0,,,,,127.87263760001224,,127.85859770000388,127.87263760001224,128.87187620000623,128.87187620000623,128.87187620000623,128.87187620000623,128.87187620000623,129.8726699000108,129.8726699000108,130.1238110000122,x,1,0.24334209998778533,None,,,,,participant5,001,2025-10-05_01h23.39.517,11102024_4.0_Motor Sequence Learning,,2025.1.1,60.03546895955558,2025-10-05 01h24.10.207270 +0530,
150,v,57,1,14,v,1,0.2838679999986198,None,14,1,57,1,,,,,130.13887370000884,,130.12417110000388,130.13887370000884,131.13847000000533,131.13847000000533,131.13847000000533,131.13847000000533,131.13847000000533,132.1385362000001,132.1385362000001,132.4252114000119,v,1,0.2838679999986198,None,,,,,participant5,001,2025-10-05_01h23.39.517,11102024_4.0_Motor Sequence Learning,,2025.1.1,60.03546895955558,2025-10-05 01h24.10.207270 +0530,
50,c,58,2,14,c,1,0.015065100000356324,None,14,2,58,2,,,,,132.43877960000827,,132.4256430000096,132.43877960000827,133.4389014000044,133.4389014000044,133.4389014000044,133.4389014000044,133.4389014000044,134.43858880001062,134.43858880001062,134.45826340001076,c,1,0.015065100000356324,None,,,,,participant5,001,2025-10-05_01h23.39.517,11102024_4.0_Motor Sequence Learning,,2025.1.1,60.03546895955558,2025-10-05 01h24.10.207270 +0530,
-150,z,59,3,14,z,1,0.33331050000560936,None,14,3,59,3,,,,,134.47224670001015,,134.45880820001184,134.47224670001015,135.47206640000513,135.47206640000513,135.47206640000513,135.47206640000513,135.47206640000513,136.47220730000117,136.47220730000117,136.81004640000174,z,1,0.33331050000560936,None,,,,,participant5,001,2025-10-05_01h23.39.517,11102024_4.0_Motor Sequence Learning,,2025.1.1,60.03546895955558,2025-10-05 01h24.10.207270 +0530,
-50,x,60,0,15,x,1,0.25027839999529533,None,15,0,60,0,,,,,136.82192250000662,,136.81056280000485,136.82192250000662,137.82193750000442,137.82193750000442,137.82193750000442,137.82193750000442,137.82193750000442,138.8220663000102,138.8220663000102,139.07563630001096,x,1,0.25027839999529533,None,,,,,participant5,001,2025-10-05_01h23.39.517,11102024_4.0_Motor Sequence Learning,,2025.1.1,60.03546895955558,2025-10-05 01h24.10.207270 +0530,
150,v,61,1,15,v,1,0.09933450000244193,None,15,1,61,1,,,,,139.08899270000984,,139.07623020000756,139.08899270000984,140.08882810000796,140.08882810000796,140.08882810000796,140.08882810000796,140.08882810000796,141.08896210000967,141.08896210000967,141.19155520001368,v,1,0.09933450000244193,None,,,,,participant5,001,2025-10-05_01h23.39.517,11102024_4.0_Motor Sequence Learning,,2025.1.1,60.03546895955558,2025-10-05 01h24.10.207270 +0530,
50,c,62,2,15,c,1,0.27207809999526944,None,15,2,62,2,,,,,141.20531990000745,,141.19199460001255,141.20531990000745,142.20528140000533,142.20528140000533,142.20528140000533,142.20528140000533,142.20528140000533,143.20526810000592,143.20526810000592,143.49122340000758,c,1,0.27207809999526944,None,,,,,participant5,001,2025-10-05_01h23.39.517,11102024_4.0_Motor Sequence Learning,,2025.1.1,60.03546895955558,2025-10-05 01h24.10.207270 +0530,
-150,z,63,3,15,z,1,0.20339089998742566,None,15,3,63,3,,,,,143.50526420000824,,143.49169080000138,143.50526420000824,144.50510110000323,144.50510110000323,144.50510110000323,144.50510110000323,144.50510110000323,145.50506910000695,145.50506910000695,145.72407710000698,z,1,0.20339089998742566,None,,,,,participant5,001,2025-10-05_01h23.39.517,11102024_4.0_Motor Sequence Learning,,2025.1.1,60.03546895955558,2025-10-05 01h24.10.207270 +0530,
-50,x,64,0,16,x,1,0.2640287999965949,None,16,0,64,0,,,,,145.73792520001007,,145.7244737000001,145.73792520001007,146.73871900000086,146.73871900000086,146.73871900000086,146.73871900000086,146.73871900000086,147.73876030000974,147.73876030000974,148.00702810000803,x,1,0.2640287999965949,None,,,,,participant5,001,2025-10-05_01h23.39.517,11102024_4.0_Motor Sequence Learning,,2025.1.1,60.03546895955558,2025-10-05 01h24.10.207270 +0530,
150,v,65,1,16,v,1,0.2893203999992693,None,16,1,65,1,,,,,148.0215462000051,,148.00748700000986,148.0215462000051,149.02196340000955,149.02196340000955,149.02196340000955,149.02196340000955,149.02196340000955,150.0219982000126,150.0219982000126,150.3250044000015,v,1,0.2893203999992693,None,,,,,participant5,001,2025-10-05_01h23.39.517,11102024_4.0_Motor Sequence Learning,,2025.1.1,60.03546895955558,2025-10-05 01h24.10.207270 +0530,
50,c,66,2,16,c,1,0.24671369999123272,None,16,2,66,2,,,,,150.33867890000693,,150.3255419000052,150.33867890000693,151.33872700000938,151.33872700000938,151.33872700000938,151.33872700000938,151.33872700000938,152.33866260001378,152.33866260001378,152.5913070000097,c,1,0.24671369999123272,None,,,,,participant5,001,2025-10-05_01h23.39.517,11102024_4.0_Motor Sequence Learning,,2025.1.1,60.03546895955558,2025-10-05 01h24.10.207270 +0530,
-150,z,67,3,16,z,1,0.2045490000018617,None,16,3,67,3,,,,,152.60533120000036,,152.59182390000205,152.60533120000036,153.60501750001276,153.60501750001276,153.60501750001276,153.60501750001276,153.60501750001276,154.60540060000494,154.60540060000494,154.82503870000073,z,1,0.2045490000018617,None,,,,,participant5,001,2025-10-05_01h23.39.517,11102024_4.0_Motor Sequence Learning,,2025.1.1,60.03546895955558,2025-10-05 01h24.10.207270 +0530,
-50,x,68,0,17,x,1,0.2657485999952769,None,17,0,68,0,,,,,154.8382289000001,,154.8255388000107,154.8382289000001,155.83870070001285,155.83870070001285,155.83870070001285,155.83870070001285,155.83870070001285,156.83853540000564,156.83853540000564,157.10779840000032,x,1,0.2657485999952769,None,,,,,participant5,001,2025-10-05_01h23.39.517,11102024_4.0_Motor Sequence Learning,,2025.1.1,60.03546895955558,2025-10-05 01h24.10.207270 +0530,
150,v,69,1,17,v,1,0.21368980000261217,None,17,1,69,1,,,,,157.12173150001036,,157.108289900003,157.12173150001036,158.12165020000248,158.12165020000248,158.12165020000248,158.12165020000248,158.12165020000248,159.12179280001146,159.12179280001146,159.34083450000617,v,1,0.21368980000261217,None,,,,,participant5,001,2025-10-05_01h23.39.517,11102024_4.0_Motor Sequence Learning,,2025.1.1,60.03546895955558,2025-10-05 01h24.10.207270 +0530,
50,c,70,2,17,c,1,None,None,17,2,70,2,,,,,159.35534670000197,,159.34130540001206,159.35534670000197,160.35493240000505,160.35493240000505,160.35493240000505,160.35493240000505,160.35493240000505,161.3544230000116,161.3544230000116,161.44129610000527,c,1,None,None,,,,,participant5,001,2025-10-05_01h23.39.517,11102024_4.0_Motor Sequence Learning,,2025.1.1,60.03546895955558,2025-10-05 01h24.10.207270 +0530,
-150,z,71,3,17,z,1,0.30446759999904316,None,17,3,71,3,,,,,161.45534380000026,,161.44200520000595,161.45534380000026,162.45498400001088,162.45498400001088,162.45498400001088,162.45498400001088,162.45498400001088,163.45519400000921,163.45519400000921,163.7734855000017,z,1,0.30446759999904316,None,,,,,participant5,001,2025-10-05_01h23.39.517,11102024_4.0_Motor Sequence Learning,,2025.1.1,60.03546895955558,2025-10-05 01h24.10.207270 +0530,
-50,x,72,0,18,x,1,0.2512150999973528,None,18,0,72,0,,,,,163.78816750000988,,163.7739675000048,163.78816750000988,164.78801710001426,164.78801710001426,164.78801710001426,164.78801710001426,164.78801710001426,165.78813260000607,165.78813260000607,166.05655550000665,x,1,0.2512150999973528,None,,,,,participant5,001,2025-10-05_01h23.39.517,11102024_4.0_Motor Sequence Learning,,2025.1.1,60.03546895955558,2025-10-05 01h24.10.207270 +0530,
150,v,73,1,18,v,1,0.2689327999978559,None,18,1,73,1,,,,,166.0712116000068,,166.05697620000865,166.0712116000068,167.07145400000445,167.07145400000445,167.07145400000445,167.07145400000445,167.07145400000445,168.07196740001382,168.07196740001382,168.3571401000081,v,1,0.2689327999978559,None,,,,,participant5,001,2025-10-05_01h23.39.517,11102024_4.0_Motor Sequence Learning,,2025.1.1,60.03546895955558,2025-10-05 01h24.10.207270 +0530,
50,c,74,2,18,c,1,0.11111199999868404,None,18,2,74,2,,,,,168.37103600001137,,168.35758520000672,168.37103600001137,169.37159910000628,169.37159910000628,169.37159910000628,169.37159910000628,169.37159910000628,170.37163210001017,170.37163210001017,170.49048050001147,c,1,0.11111199999868404,None,,,,,participant5,001,2025-10-05_01h23.39.517,11102024_4.0_Motor Sequence Learning,,2025.1.1,60.03546895955558,2025-10-05 01h24.10.207270 +0530,
-150,z,75,3,18,z,1,0.264319499998237,None,18,3,75,3,,,,,170.50521860001027,,170.49089290000848,170.50521860001027,171.50497100000212,171.50497100000212,171.50497100000212,171.50497100000212,171.50497100000212,172.5053435000009,172.5053435000009,172.77395140001317,z,1,0.264319499998237,None,,,,,participant5,001,2025-10-05_01h23.39.517,11102024_4.0_Motor Sequence Learning,,2025.1.1,60.03546895955558,2025-10-05 01h24.10.207270 +0530,
-50,x,76,0,19,x,1,0.27929190000577364,None,19,0,76,0,,,,,172.78818110001157,,172.77441170001111,172.78818110001157,173.78775240000687,173.78775240000687,173.78775240000687,173.78775240000687,173.78775240000687,174.78782130000764,174.78782130000764,175.0744995000132,x,1,0.27929190000577364,None,,,,,participant5,001,2025-10-05_01h23.39.517,11102024_4.0_Motor Sequence Learning,,2025.1.1,60.03546895955558,2025-10-05 01h24.10.207270 +0530,
150,v,77,1,19,v,1,0.2916255000018282,None,19,1,77,1,,,,,175.088405100003,,175.07495760000893,175.088405100003,176.08830470000976,176.08830470000976,176.08830470000976,176.08830470000976,176.08830470000976,177.0881478000083,177.0881478000083,177.39285000000382,v,1,0.2916255000018282,None,,,,,participant5,001,2025-10-05_01h23.39.517,11102024_4.0_Motor Sequence Learning,,2025.1.1,60.03546895955558,2025-10-05 01h24.10.207270 +0530,
50,c,78,2,19,c,1,0.30917649999901187,None,19,2,78,2,,,,,177.40505370000028,,177.39328660001047,177.40505370000028,178.40487620000204,178.40487620000204,178.40487620000204,178.40487620000204,178.40487620000204,179.40498620001017,179.40498620001017,179.72448480001185,c,1,0.30917649999901187,None,,,,,participant5,001,2025-10-05_01h23.39.517,11102024_4.0_Motor Sequence Learning,,2025.1.1,60.03546895955558,2025-10-05 01h24.10.207270 +0530,
-150,z,79,3,19,z,1,0.23677450000832323,None,19,3,79,3,,,,,179.738044800004,,179.72502740001073,179.738044800004,180.7384783000016,180.7384783000016,180.7384783000016,180.7384783000016,180.7384783000016,181.73762610000267,181.73762610000267,181.99015400001372,z,1,0.23677450000832323,None,,,,,participant5,001,2025-10-05_01h23.39.517,11102024_4.0_Motor Sequence Learning,,2025.1.1,60.03546895955558,2025-10-05 01h24.10.207270 +0530,
-50,x,80,0,20,x,1,0.25646340000093915,None,20,0,80,0,,,,,182.0044753000111,,181.99058370001148,182.0044753000111,183.0042938000115,183.0042938000115,183.0042938000115,183.0042938000115,183.0042938000115,184.00449170000502,184.00449170000502,184.27329600001394,x,1,0.25646340000093915,None,,,,,participant5,001,2025-10-05_01h23.39.517,11102024_4.0_Motor Sequence Learning,,2025.1.1,60.03546895955558,2025-10-05 01h24.10.207270 +0530,
150,v,81,1,20,v,1,0.1919384000066202,None,20,1,81,1,,,,,184.28792430000613,,184.2737904000096,184.28792430000613,185.28736280000885,185.28736280000885,185.28736280000885,185.28736280000885,185.28736280000885,186.28737530000217,186.28737530000217,186.4891406000097,v,1,0.1919384000066202,None,,,,,participant5,001,2025-10-05_01h23.39.517,11102024_4.0_Motor Sequence Learning,,2025.1.1,60.03546895955558,2025-10-05 01h24.10.207270 +0530,
50,c,82,2,20,c,1,0.24609460000647232,None,20,2,82,2,,,,,186.50389610001002,,186.4893951000122,186.50389610001002,187.50435690001177,187.50435690001177,187.50435690001177,187.50435690001177,187.50435690001177,188.50468740001088,188.50468740001088,188.75574150000466,c,1,0.24609460000647232,None,,,,,participant5,001,2025-10-05_01h23.39.517,11102024_4.0_Motor Sequence Learning,,2025.1.1,60.03546895955558,2025-10-05 01h24.10.207270 +0530,
-150,z,83,3,20,z,1,0.2528985999961151,None,20,3,83,3,,,,,188.77090190000308,,188.75600650001434,188.77090190000308,189.770528500012,189.770528500012,189.770528500012,189.770528500012,189.770528500012,190.77132320000965,190.77132320000965,191.03815420001047,z,1,0.2528985999961151,None,,,,,participant5,001,2025-10-05_01h23.39.517,11102024_4.0_Motor Sequence Learning,,2025.1.1,60.03546895955558,2025-10-05 01h24.10.207270 +0530,
-50,x,84,0,21,x,1,0.26030780001019593,None,21,0,84,0,,,,,191.0539381000126,,191.0383959000028,191.0539381000126,192.05394490000617,192.05394490000617,192.05394490000617,192.05394490000617,192.05394490000617,193.05408190000162,193.05408190000162,193.3219778000057,x,1,0.26030780001019593,None,,,,,participant5,001,2025-10-05_01h23.39.517,11102024_4.0_Motor Sequence Learning,,2025.1.1,60.03546895955558,2025-10-05 01h24.10.207270 +0530,
150,v,85,1,21,v,1,0.370822800003225,None,21,1,85,1,,,,,193.33733170000778,,193.3222165000043,193.33733170000778,194.33772410001257,194.33772410001257,194.33772410001257,194.33772410001257,194.33772410001257,195.33698230001028,195.33698230001028,195.72172310001042,v,1,0.370822800003225,None,,,,,participant5,001,2025-10-05_01h23.39.517,11102024_4.0_Motor Sequence Learning,,2025.1.1,60.03546895955558,2025-10-05 01h24.10.207270 +0530,
50,c,86,2,21,c,1,0.29299910001282115,None,21,2,86,2,,,,,195.73708290001377,,195.72195040000952,195.73708290001377,196.73720160000084,196.73720160000084,196.73720160000084,196.73720160000084,196.73720160000084,197.72049400000833,197.72049400000833,198.02194040000904,c,1,0.29299910001282115,None,,,,,participant5,001,2025-10-05_01h23.39.517,11102024_4.0_Motor Sequence Learning,,2025.1.1,60.03546895955558,2025-10-05 01h24.10.207270 +0530,
-150,z,87,3,21,z,1,0.3120089000003645,None,21,3,87,3,,,,,198.03742750000674,,198.02216330000374,198.03742750000674,199.0371778000117,199.0371778000117,199.0371778000117,199.0371778000117,199.0371778000117,200.0371307000023,200.0371307000023,200.35467630000494,z,1,0.3120089000003645,None,,,,,participant5,001,2025-10-05_01h23.39.517,11102024_4.0_Motor Sequence Learning,,2025.1.1,60.03546895955558,2025-10-05 01h24.10.207270 +0530,
-50,x,88,0,22,x,1,0.29615770000964403,None,22,0,88,0,,,,,200.3701555000007,,200.35489380000217,200.3701555000007,201.35384490000433,201.35384490000433,201.35384490000433,201.35384490000433,201.37024190000375,202.35391490001348,202.35391490001348,202.6551053000003,x,1,0.29615770000964403,None,,,,,participant5,001,2025-10-05_01h23.39.517,11102024_4.0_Motor Sequence Learning,,2025.1.1,60.03546895955558,2025-10-05 01h24.10.207270 +0530,
150,v,89,1,22,v,1,0.2556771999952616,None,22,1,89,1,,,,,202.67039590000059,,202.65534760001174,202.67039590000059,203.67034300000523,203.67034300000523,203.67034300000523,203.67034300000523,203.67034300000523,204.65360180000425,204.65360180000425,204.92173200000252,v,1,0.2556771999952616,None,,,,,participant5,001,2025-10-05_01h23.39.517,11102024_4.0_Motor Sequence Learning,,2025.1.1,60.03546895955558,2025-10-05 01h24.10.207270 +0530,
50,c,90,2,22,c,1,0.34370250000210945,None,22,2,90,2,,,,,204.93700890000036,,204.92198640000424,204.93700890000036,205.93689220001397,205.93689220001397,205.93689220001397,205.93689220001397,205.93689220001397,206.93689930000983,206.93689930000983,207.287985700008,c,1,0.34370250000210945,None,,,,,participant5,001,2025-10-05_01h23.39.517,11102024_4.0_Motor Sequence Learning,,2025.1.1,60.03546895955558,2025-10-05 01h24.10.207270 +0530,
-150,z,91,3,22,z,1,0.28277849999722093,None,22,3,91,3,,,,,207.30370600000606,,207.28819310000108,207.30370600000606,208.30360740001197,208.30360740001197,208.30360740001197,208.30360740001197,208.30360740001197,209.28687880000507,209.28687880000507,209.57202870000037,z,1,0.28277849999722093,None,,,,,participant5,001,2025-10-05_01h23.39.517,11102024_4.0_Motor Sequence Learning,,2025.1.1,60.03546895955558,2025-10-05 01h24.10.207270 +0530,
-50,x,92,0,23,x,1,0.2851992999931099,None,23,0,92,0,,,,,209.5871529000142,,209.5722739000048,209.5871529000142,210.58753790000628,210.58753790000628,210.58753790000628,210.58753790000628,210.58753790000628,211.57077910000226,211.57077910000226,211.85850180000125,x,1,0.2851992999931099,None,,,,,participant5,001,2025-10-05_01h23.39.517,11102024_4.0_Motor Sequence Learning,,2025.1.1,60.03546895955558,2025-10-05 01h24.10.207270 +0530,
150,v,93,1,23,v,1,0.27255009999498725,None,23,1,93,1,,,,,211.87101880001137,,211.85893240000587,211.87101880001137,212.87097500001255,212.87097500001255,212.87097500001255,212.87097500001255,212.87097500001255,213.8711070999998,213.8711070999998,214.1569739000115,v,1,0.27255009999498725,None,,,,,participant5,001,2025-10-05_01h23.39.517,11102024_4.0_Motor Sequence Learning,,2025.1.1,60.03546895955558,2025-10-05 01h24.10.207270 +0530,
50,c,94,2,23,c,1,0.3321125999937067,None,23,2,94,2,,,,,214.17045880001388,,214.15743060001114,214.17045880001388,215.17071420000866,215.17071420000866,215.17071420000866,215.17071420000866,215.17071420000866,216.17088120001426,216.17088120001426,216.50628770000185,c,1,0.3321125999937067,None,,,,,participant5,001,2025-10-05_01h23.39.517,11102024_4.0_Motor Sequence Learning,,2025.1.1,60.03546895955558,2025-10-05 01h24.10.207270 +0530,
-150,z,95,3,23,z,1,0.4348639999952866,None,23,3,95,3,,,,,216.52115110000886,,216.50669530000596,216.52115110000886,217.52081150001322,217.52081150001322,217.52081150001322,217.52081150001322,217.52081150001322,218.52041630000167,218.52041630000167,218.97245020000264,z,1,0.4348639999952866,None,,,,,participant5,001,2025-10-05_01h23.39.517,11102024_4.0_Motor Sequence Learning,,2025.1.1,60.03546895955558,2025-10-05 01h24.10.207270 +0530,
-50,x,96,0,24,x,1,0.23803540000517387,None,24,0,96,0,,,,,218.9871925000043,,218.97285000000556,218.9871925000043,219.9878091999999,219.9878091999999,219.9878091999999,219.9878091999999,219.9878091999999,220.98676190001424,220.98676190001424,221.2378568000131,x,1,0.23803540000517387,None,,,,,participant5,001,2025-10-05_01h23.39.517,11102024_4.0_Motor Sequence Learning,,2025.1.1,60.03546895955558,2025-10-05 01h24.10.207270 +0530,
150,v,97,1,24,v,1,0.29103639999812003,None,24,1,97,1,,,,,221.25344270000642,,221.23809400000027,221.25344270000642,222.237752800007,222.237752800007,222.237752800007,222.237752800007,222.2541559000092,223.2534874000121,223.2534874000121,223.554747400005,v,1,0.29103639999812003,None,,,,,participant5,001,2025-10-05_01h23.39.517,11102024_4.0_Motor Sequence Learning,,2025.1.1,60.03546895955558,2025-10-05 01h24.10.207270 +0530,
50,c,98,2,24,c,1,0.23625909999827854,None,24,2,98,2,,,,,223.5701359000086,,223.55497010001272,223.5701359000086,224.57029120001243,224.57029120001243,224.57029120001243,224.57029120001243,224.57029120001243,225.57030950000626,225.57030950000626,225.821460200008,c,1,0.23625909999827854,None,,,,,participant5,001,2025-10-05_01h23.39.517,11102024_4.0_Motor Sequence Learning,,2025.1.1,60.03546895955558,2025-10-05 01h24.10.207270 +0530,
-150,z,99,3,24,z,1,0.3378029999876162,None,24,3,99,3,,,,,225.8367106000078,,225.82171820000804,225.8367106000078,226.8392606000125,226.8392606000125,226.8392606000125,226.8392606000125,226.8392606000125,227.83653110000887,227.83653110000887,228.18729130001157,z,1,0.3378029999876162,None,,,,,participant5,001,2025-10-05_01h23.39.517,11102024_4.0_Motor Sequence Learning,,2025.1.1,60.03546895955558,2025-10-05 01h24.10.207270 +0530,
-50,x,0,0,0,x,1,0.21869660000083968,None,,,,,0,0,0,0,228.20350719999988,,228.19375260001107,228.20350719999988,229.1867470000143,229.1867470000143,229.1867470000143,229.1867470000143,229.2033506000007,230.18657590000657,230.18657590000657,230.42102180000802,,,,,x,1,0.21869660000083968,None,participant5,001,2025-10-05_01h23.39.517,11102024_4.0_Motor Sequence Learning,,2025.1.1,60.03546895955558,2025-10-05 01h24.10.207270 +0530,
150,v,1,1,0,v,1,0.27954139999928884,None,,,,,0,1,1,1,230.4365628000087,,230.42126850000932,230.4365628000087,231.43658960000903,231.43658960000903,231.43658960000903,231.43658960000903,231.43658960000903,232.4366321000125,232.4366321000125,232.72153490000346,,,,,v,1,0.27954139999928884,None,participant5,001,2025-10-05_01h23.39.517,11102024_4.0_Motor Sequence Learning,,2025.1.1,60.03546895955558,2025-10-05 01h24.10.207270 +0530,
50,c,2,2,0,c,1,0.10216809999838006,None,,,,,0,2,2,2,232.73674610001035,,232.72179800001322,232.73674610001035,233.73673400000553,233.73673400000553,233.73673400000553,233.73673400000553,233.73673400000553,234.73668140001246,234.73668140001246,234.85458130000916,,,,,c,1,0.10216809999838006,None,participant5,001,2025-10-05_01h23.39.517,11102024_4.0_Motor Sequence Learning,,2025.1.1,60.03546895955558,2025-10-05 01h24.10.207270 +0530,
-50,x,3,3,1,x,1,0.6990028000000166,None,,,,,1,3,3,0,234.86992570001166,,234.85482900000352,234.86992570001166,235.8699212000065,235.8699212000065,235.8699212000065,235.8699212000065,235.8699212000065,236.87011960000382,236.87011960000382,237.57253670001228,,,,,x,1,0.6990028000000166,None,participant5,001,2025-10-05_01h23.39.517,11102024_4.0_Motor Sequence Learning,,2025.1.1,60.03546895955558,2025-10-05 01h24.10.207270 +0530,
50,c,4,4,1,v,0,2.0579080000024987,None,,,,,1,4,4,2,237.586632800012,,237.5728575000103,237.586632800012,238.6176753000036,238.6176753000036,238.6176753000036,238.6176753000036,238.6176753000036,239.5828954000026,239.5828954000026,241.65470780000032,,,,,v,0,2.0579080000024987,None,participant5,001,2025-10-05_01h23.39.517,11102024_4.0_Motor Sequence Learning,,2025.1.1,60.03546895955558,2025-10-05 01h24.10.207270 +0530,
-150,z,5,5,0,z,1,0.391127900002175,None,,,,,0,5,5,3,241.670102700009,,241.65508920000866,241.670102700009,242.669996800003,242.669996800003,242.669996800003,242.669996800003,242.669996800003,243.67002970000613,243.67002970000613,244.0711244000122,,,,,z,1,0.391127900002175,None,participant5,001,2025-10-05_01h23.39.517,11102024_4.0_Motor Sequence Learning,,2025.1.1,60.03546895955558,2025-10-05 01h24.10.207270 +0530,
50,c,6,6,2,c,1,0.39688380000006873,None,,,,,2,6,6,2,244.08650830000988,,244.0713750000141,244.08650830000988,245.08687060000375,245.08687060000375,245.08687060000375,245.08687060000375,245.08687060000375,246.08664440001303,246.08664440001303,246.4890652000031,,,,,c,1,0.39688380000006873,None,participant5,001,2025-10-05_01h23.39.517,11102024_4.0_Motor Sequence Learning,,2025.1.1,60.03546895955558,2025-10-05 01h24.10.207270 +0530,
150,v,7,7,1,v,1,0.3770340000046417,None,,,,,1,7,7,1,246.50352950001252,,246.48956160001399,246.50352950001252,247.50310380000155,247.50310380000155,247.50310380000155,247.50310380000155,247.50310380000155,248.50304450000112,248.50304450000112,248.88805610001145,,,,,v,1,0.3770340000046417,None,participant5,001,2025-10-05_01h23.39.517,11102024_4.0_Motor Sequence Learning,,2025.1.1,60.03546895955558,2025-10-05 01h24.10.207270 +0530,
-50,x,8,8,2,x,1,0.3668318999989424,None,,,,,2,8,8,0,248.9031973000092,,248.8883416000026,248.9031973000092,249.90356020000763,249.90356020000763,249.90356020000763,249.90356020000763,249.90356020000763,250.90384850000555,250.90384850000555,251.2747662000038,,,,,x,1,0.3668318999989424,None,participant5,001,2025-10-05_01h23.39.517,11102024_4.0_Motor Sequence Learning,,2025.1.1,60.03546895955558,2025-10-05 01h24.10.207270 +0530,
150,v,9,9,2,v,1,0.5019423999910941,None,,,,,2,9,9,1,251.28736870001012,,251.2752548000135,251.28736870001012,252.28693400000338,252.28693400000338,252.28693400000338,252.28693400000338,252.28693400000338,253.28734670000267,253.28734670000267,253.80728540000564,,,,,v,1,0.5019423999910941,None,participant5,001,2025-10-05_01h23.39.517,11102024_4.0_Motor Sequence Learning,,2025.1.1,60.03546895955558,2025-10-05 01h24.10.207270 +0530,
50,c,10,10,3,v,0,0.3824377999990247,None,,,,,3,10,10,2,253.82038180000382,,253.80782480000926,253.82038180000382,254.8197375000018,254.8197375000018,254.8197375000018,254.8197375000018,254.8197375000018,255.8203147000022,255.8203147000022,256.20658000001276,,,,,v,0,0.3824377999990247,None,participant5,001,2025-10-05_01h23.39.517,11102024_4.0_Motor Sequence Learning,,2025.1.1,60.03546895955558,2025-10-05 01h24.10.207270 +0530,
150,v,11,11,3,v,1,0.41889259999152273,None,,,,,3,11,11,1,256.22041590001027,,256.2070480000111,256.22041590001027,257.2204592000053,257.2204592000053,257.2204592000053,257.2204592000053,257.2204592000053,258.22019640001236,258.22019640001236,258.6554915000015,,,,,v,1,0.41889259999152273,None,participant5,001,2025-10-05_01h23.39.517,11102024_4.0_Motor Sequence Learning,,2025.1.1,60.03546895955558,2025-10-05 01h24.10.207270 +0530,
-150,z,12,12,1,z,1,0.4061632000084501,None,,,,,1,12,12,3,258.67007690000173,,258.65591150001273,258.67007690000173,259.6699183000019,259.6699183000019,259.6699183000019,259.6699183000019,259.6699183000019,260.6701654000062,260.6701654000062,261.0897604000056,,,,,z,1,0.4061632000084501,None,participant5,001,2025-10-05_01h23.39.517,11102024_4.0_Motor Sequence Learning,,2025.1.1,60.03546895955558,2025-10-05 01h24.10.207270 +0530,
-150,z,13,13,2,z,1,0.451073100004578,None,,,,,2,13,13,3,261.1039679000096,,261.0902924000111,261.1039679000096,262.1035447000031,262.1035447000031,262.1035447000031,262.1035447000031,262.1035447000031,263.1035671999998,263.1035671999998,263.5598214000056,,,,,z,1,0.451073100004578,None,participant5,001,2025-10-05_01h23.39.517,11102024_4.0_Motor Sequence Learning,,2025.1.1,60.03546895955558,2025-10-05 01h24.10.207270 +0530,
-50,x,14,14,3,x,1,0.4558074999949895,None,,,,,3,14,14,0,263.5701844000141,,263.56026740001107,263.5701844000141,264.57045389999985,264.57045389999985,264.57045389999985,264.57045389999985,264.57045389999985,265.5699338000122,265.5699338000122,266.03873620000377,,,,,x,1,0.4558074999949895,None,participant5,001,2025-10-05_01h23.39.517,11102024_4.0_Motor Sequence Learning,,2025.1.1,60.03546895955558,2025-10-05 01h24.10.207270 +0530,
50,c,15,15,4,c,1,0.5584922999987612,None,,,,,4,15,15,2,266.0533465000044,,266.03919960001076,266.0533465000044,267.05372740000894,267.05372740000894,267.05372740000894,267.05372740000894,267.05372740000894,268.0537059000053,268.0537059000053,268.6227241000015,,,,,c,1,0.5584922999987612,None,participant5,001,2025-10-05_01h23.39.517,11102024_4.0_Motor Sequence Learning,,2025.1.1,60.03546895955558,2025-10-05 01h24.10.207270 +0530,
50,c,16,16,5,c,1,0.4536812000005739,None,,,,,5,16,16,2,268.63690770001267,,268.6232344000018,268.63690770001267,269.6367214000056,269.6367214000056,269.6367214000056,269.6367214000056,269.6367214000056,270.6368194000097,270.6368194000097,271.1066286000132,,,,,c,1,0.4536812000005739,None,participant5,001,2025-10-05_01h23.39.517,11102024_4.0_Motor Sequence Learning,,2025.1.1,60.03546895955558,2025-10-05 01h24.10.207270 +0530,
150,v,17,17,4,v,1,0.40719209999952,None,,,,,4,17,17,1,271.12019300000975,,271.1071473000047,271.12019300000975,272.1198175000027,272.1198175000027,272.1198175000027,272.1198175000027,272.1198175000027,273.1197911000054,273.1197911000054,273.5395794000069,,,,,v,1,0.40719209999952,None,participant5,001,2025-10-05_01h23.39.517,11102024_4.0_Motor Sequence Learning,,2025.1.1,60.03546895955558,2025-10-05 01h24.10.207270 +0530,
50,c,18,18,6,c,1,0.601705100008985,None,,,,,6,18,18,2,273.55354290000105,,273.5401161000045,273.55354290000105,274.5532581000007,274.5532581000007,274.5532581000007,274.5532581000007,274.5532581000007,275.553493600004,275.553493600004,276.1724865000142,,,,,c,1,0.601705100008985,None,participant5,001,2025-10-05_01h23.39.517,11102024_4.0_Motor Sequence Learning,,2025.1.1,60.03546895955558,2025-10-05 01h24.10.207270 +0530,
-150,z,19,19,3,z,1,0.4371454000065569,None,,,,,3,19,19,3,276.18670220000786,,276.1731104000064,276.18670220000786,277.18677800000296,277.18677800000296,277.18677800000296,277.18677800000296,277.18677800000296,278.1868688000104,278.1868688000104,278.6385743999999,,,,,z,1,0.4371454000065569,None,participant5,001,2025-10-05_01h23.39.517,11102024_4.0_Motor Sequence Learning,,2025.1.1,60.03546895955558,2025-10-05 01h24.10.207270 +0530,
-150,z,20,20,4,z,1,0.7046421000122791,None,,,,,4,20,20,3,278.6534861000109,,278.63900410001224,278.6534861000109,279.65335120000236,279.65335120000236,279.65335120000236,279.65335120000236,279.65335120000236,280.6533461000072,280.6533461000072,281.3707074000122,,,,,z,1,0.7046421000122791,None,participant5,001,2025-10-05_01h23.39.517,11102024_4.0_Motor Sequence Learning,,2025.1.1,60.03546895955558,2025-10-05 01h24.10.207270 +0530,
150,v,21,21,5,v,1,0.29523070000868756,None,,,,,5,21,21,1,281.3861547000124,,281.3709353000013,281.3861547000124,282.37004870000237,282.37004870000237,282.37004870000237,282.37004870000237,282.3866498000134,283.3699176000082,283.3699176000082,283.6725635000039,,,,,v,1,0.29523070000868756,None,participant5,001,2025-10-05_01h23.39.517,11102024_4.0_Motor Sequence Learning,,2025.1.1,60.03546895955558,2025-10-05 01h24.10.207270 +0530,
-50,x,22,22,4,x,1,0.4316577999998117,None,,,,,4,22,22,0,283.6866330000048,,283.67312850001326,283.6866330000048,284.6862900000124,284.6862900000124,284.6862900000124,284.6862900000124,284.6862900000124,285.68596290001005,285.68596290001005,286.12241950001044,,,,,x,1,0.4316577999998117,None,participant5,001,2025-10-05_01h23.39.517,11102024_4.0_Motor Sequence Learning,,2025.1.1,60.03546895955558,2025-10-05 01h24.10.207270 +0530,
-150,z,23,23,5,z,1,0.3129276999970898,None,,,,,5,23,23,3,286.1364186999999,,286.12289130000863,286.1364186999999,287.1358745000034,287.1358745000034,287.1358745000034,287.1358745000034,287.1358745000034,288.1363926000049,288.1363926000049,288.45515870000236,,,,,z,1,0.3129276999970898,None,participant5,001,2025-10-05_01h23.39.517,11102024_4.0_Motor Sequence Learning,,2025.1.1,60.03546895955558,2025-10-05 01h24.10.207270 +0530,
50,c,24,24,7,x,0,0.42755039999610744,None,,,,,7,24,24,2,288.4697787000041,,288.4556333000073,288.4697787000041,289.46963030000916,289.46963030000916,289.46963030000916,289.46963030000916,289.46963030000916,290.469061300013,290.469061300013,290.9052933000057,,,,,x,0,0.42755039999610744,None,participant5,001,2025-10-05_01h23.39.517,11102024_4.0_Motor Sequence Learning,,2025.1.1,60.03546895955558,2025-10-05 01h24.10.207270 +0530,
50,c,25,25,8,c,1,0.3773159999982454,None,,,,,8,25,25,2,290.9199314000143,,290.9057013000129,290.9199314000143,291.91973280000093,291.91973280000093,291.91973280000093,291.91973280000093,291.91973280000093,292.9199101000122,292.9199101000122,293.3059418000048,,,,,c,1,0.3773159999982454,None,participant5,001,2025-10-05_01h23.39.517,11102024_4.0_Motor Sequence Learning,,2025.1.1,60.03546895955558,2025-10-05 01h24.10.207270 +0530,
50,c,26,26,9,c,1,0.43783589999657124,None,,,,,9,26,26,2,293.3198238000041,,293.3064512000128,293.3198238000041,294.3196491000126,294.3196491000126,294.3196491000126,294.3196491000126,294.3196491000126,295.3194671000092,295.3194671000092,295.7726049000048,,,,,c,1,0.43783589999657124,None,participant5,001,2025-10-05_01h23.39.517,11102024_4.0_Motor Sequence Learning,,2025.1.1,60.03546895955558,2025-10-05 01h24.10.207270 +0530,
-150,z,27,27,6,z,1,0.34052539999538567,None,,,,,6,27,27,3,295.78666150000936,,295.77316730000894,295.78666150000936,296.7863725000061,296.7863725000061,296.7863725000061,296.7863725000061,296.7863725000061,297.7863226000045,297.7863226000045,298.1399679000024,,,,,z,1,0.34052539999538567,None,participant5,001,2025-10-05_01h23.39.517,11102024_4.0_Motor Sequence Learning,,2025.1.1,60.03546895955558,2025-10-05 01h24.10.207270 +0530,
50,c,28,28,10,c,1,0.3357970000070054,None,,,,,10,28,28,2,298.1538637000049,,298.1404287000041,298.1538637000049,299.15325290001056,299.15325290001056,299.15325290001056,299.15325290001056,299.15325290001056,300.1534662000049,300.1534662000049,300.5061099000013,,,,,c,1,0.3357970000070054,None,participant5,001,2025-10-05_01h23.39.517,11102024_4.0_Motor Sequence Learning,,2025.1.1,60.03546895955558,2025-10-05 01h24.10.207270 +0530,
150,v,29,29,6,v,1,0.3795239000028232,None,,,,,6,29,29,1,300.51977060000354,,300.5066003000102,300.51977060000354,301.5198914000066,301.5198914000066,301.5198914000066,301.5198914000066,301.5198914000066,302.5194904000091,302.5194904000091,302.906656200008,,,,,v,1,0.3795239000028232,None,participant5,001,2025-10-05_01h23.39.517,11102024_4.0_Motor Sequence Learning,,2025.1.1,60.03546895955558,2025-10-05 01h24.10.207270 +0530,
-50,x,30,30,5,x,1,0.31699929999012966,None,,,,,5,30,30,0,302.91983680000703,,302.90716840000823,302.91983680000703,303.9198250000045,303.9198250000045,303.9198250000045,303.9198250000045,303.9198250000045,304.9195667000022,304.9195667000022,305.2403767000069,,,,,x,1,0.31699929999012966,None,participant5,001,2025-10-05_01h23.39.517,11102024_4.0_Motor Sequence Learning,,2025.1.1,60.03546895955558,2025-10-05 01h24.10.207270 +0530,
150,v,31,31,7,v,1,0.366871699996409,None,,,,,7,31,31,1,305.25320640001155,,305.2408834000089,305.25320640001155,306.2532041000086,306.2532041000086,306.2532041000086,306.2532041000086,306.2532041000086,307.2530614000134,307.2530614000134,307.6231526000047,,,,,v,1,0.366871699996409,None,participant5,001,2025-10-05_01h23.39.517,11102024_4.0_Motor Sequence Learning,,2025.1.1,60.03546895955558,2025-10-05 01h24.10.207270 +0530,
-50,x,32,32,6,x,1,0.4356509999925038,None,,,,,6,32,32,0,307.6365230000083,,307.6236360000039,307.6365230000083,308.6365976000088,308.6365976000088,308.6365976000088,308.6365976000088,308.6365976000088,309.6365894000046,309.6365894000046,310.0894490000064,,,,,x,1,0.4356509999925038,None,participant5,001,2025-10-05_01h23.39.517,11102024_4.0_Motor Sequence Learning,,2025.1.1,60.03546895955558,2025-10-05 01h24.10.207270 +0530,
150,v,33,33,8,v,1,0.345617900005891,None,,,,,8,33,33,1,310.10323960000824,,310.08995260001393,310.10323960000824,311.1029497000127,311.1029497000127,311.1029497000127,311.1029497000127,311.1029497000127,312.10304010000254,312.10304010000254,312.45598920001066,,,,,v,1,0.345617900005891,None,participant5,001,2025-10-05_01h23.39.517,11102024_4.0_Motor Sequence Learning,,2025.1.1,60.03546895955558,2025-10-05 01h24.10.207270 +0530,
50,c,34,34,11,c,1,0.31173889999627136,None,,,,,11,34,34,2,312.46970810000494,,312.45656480001344,312.46970810000494,313.46948020000127,313.46948020000127,313.46948020000127,313.46948020000127,313.46948020000127,314.4696663000068,314.4696663000068,314.7890696000104,,,,,c,1,0.31173889999627136,None,participant5,001,2025-10-05_01h23.39.517,11102024_4.0_Motor Sequence Learning,,2025.1.1,60.03546895955558,2025-10-05 01h24.10.207270 +0530,
-150,z,35,35,7,z,1,0.3523699000070337,None,,,,,7,35,35,3,314.80310490001284,,314.7896107000124,314.80310490001284,315.80316080000193,315.80316080000193,315.80316080000193,315.80316080000193,315.80316080000193,316.80316830000083,316.80316830000083,317.17274170000746,,,,,z,1,0.3523699000070337,None,participant5,001,2025-10-05_01h23.39.517,11102024_4.0_Motor Sequence Learning,,2025.1.1,60.03546895955558,2025-10-05 01h24.10.207270 +0530,
-150,z,36,36,8,z,1,0.4738160999986576,None,,,,,8,36,36,3,317.18652940000175,,317.1736329000123,317.18652940000175,318.1863510000112,318.1863510000112,318.1863510000112,318.1863510000112,318.1863510000112,319.1862989000074,319.1862989000074,319.6714328000089,,,,,z,1,0.4738160999986576,None,participant5,001,2025-10-05_01h23.39.517,11102024_4.0_Motor Sequence Learning,,2025.1.1,60.03546895955558,2025-10-05 01h24.10.207270 +0530,
-150,z,37,37,9,z,1,0.37599719999707304,None,,,,,9,37,37,3,319.68621540001186,,319.67184120000456,319.68621540001186,320.68638280000596,320.68638280000596,320.68638280000596,320.68638280000596,320.68638280000596,321.68650690000504,321.68650690000504,322.0716051000054,,,,,z,1,0.37599719999707304,None,participant5,001,2025-10-05_01h23.39.517,11102024_4.0_Motor Sequence Learning,,2025.1.1,60.03546895955558,2025-10-05 01h24.10.207270 +0530,
-50,x,38,38,7,x,1,0.4452671999897575,None,,,,,7,38,38,0,322.08609609999985,,322.072041300009,322.08609609999985,323.08625290000055,323.08625290000055,323.08625290000055,323.08625290000055,323.08625290000055,324.08631060000334,324.08631060000334,324.53917520001414,,,,,x,1,0.4452671999897575,None,participant5,001,2025-10-05_01h23.39.517,11102024_4.0_Motor Sequence Learning,,2025.1.1,60.03546895955558,2025-10-05 01h24.10.207270 +0530,
50,c,39,39,12,c,1,0.45996870000089984,None,,,,,12,39,39,2,324.552766400011,,324.53968420000456,324.552766400011,325.55291510000825,325.55291510000825,325.55291510000825,325.55291510000825,325.55291510000825,326.55295390001265,326.55295390001265,327.0222808000108,,,,,c,1,0.45996870000089984,None,participant5,001,2025-10-05_01h23.39.517,11102024_4.0_Motor Sequence Learning,,2025.1.1,60.03546895955558,2025-10-05 01h24.10.207270 +0530,
-150,z,40,40,10,z,1,0.3602697999886004,None,,,,,10,40,40,3,327.03622420001193,,327.02278900000965,327.03622420001193,328.0359976000036,328.0359976000036,328.0359976000036,328.0359976000036,328.0359976000036,329.0361273000017,329.0361273000017,329.4051568000141,,,,,z,1,0.3602697999886004,None,participant5,001,2025-10-05_01h23.39.517,11102024_4.0_Motor Sequence Learning,,2025.1.1,60.03546895955558,2025-10-05 01h24.10.207270 +0530,
-50,x,41,41,8,x,1,0.3191342999925837,None,,,,,8,41,41,0,329.4195221000118,,329.40567760000704,329.4195221000118,330.4192824000056,330.4192824000056,330.4192824000056,330.4192824000056,330.4192824000056,331.4194048000063,331.4194048000063,331.7554320000054,,,,,x,1,0.3191342999925837,None,participant5,001,2025-10-05_01h23.39.517,11102024_4.0_Motor Sequence Learning,,2025.1.1,60.03546895955558,2025-10-05 01h24.10.207270 +0530,
-150,z,42,42,11,x,0,0.3534233999962453,None,,,,,11,42,42,3,331.7693946000072,,331.75586080001085,331.7693946000072,332.7691410000116,332.7691410000116,332.7691410000116,332.7691410000116,332.7691410000116,333.7693256000057,333.7693256000057,334.13824960000056,,,,,x,0,0.3534233999962453,None,participant5,001,2025-10-05_01h23.39.517,11102024_4.0_Motor Sequence Learning,,2025.1.1,60.03546895955558,2025-10-05 01h24.10.207270 +0530,
-150,z,43,43,12,z,1,0.3856306000088807,None,,,,,12,43,43,3,334.1527574000065,,334.13872850000917,334.1527574000065,335.1526947000093,335.1526947000093,335.1526947000093,335.1526947000093,335.1526947000093,336.15274650001084,336.15274650001084,336.5556318000017,,,,,z,1,0.3856306000088807,None,participant5,001,2025-10-05_01h23.39.517,11102024_4.0_Motor Sequence Learning,,2025.1.1,60.03546895955558,2025-10-05 01h24.10.207270 +0530,
-150,z,44,44,13,z,1,0.49433639999188017,None,,,,,13,44,44,3,336.5693575000041,,336.556173200006,336.5693575000041,337.5690540000069,337.5690540000069,337.5690540000069,337.5690540000069,337.5690540000069,338.569270100008,338.569270100008,339.0713359000074,,,,,z,1,0.49433639999188017,None,participant5,001,2025-10-05_01h23.39.517,11102024_4.0_Motor Sequence Learning,,2025.1.1,60.03546895955558,2025-10-05 01h24.10.207270 +0530,
50,c,45,45,13,c,1,0.5768958999979077,None,,,,,13,45,45,2,339.08587850000185,,339.0717935000139,339.08587850000185,340.08699490000436,340.08699490000436,340.08699490000436,340.08699490000436,340.08699490000436,341.0859707000054,341.0859707000054,341.67164110000886,,,,,c,1,0.5768958999979077,None,participant5,001,2025-10-05_01h23.39.517,11102024_4.0_Motor Sequence Learning,,2025.1.1,60.03546895955558,2025-10-05 01h24.10.207270 +0530,
150,v,46,46,9,v,1,0.4346058999944944,None,,,,,9,46,46,1,341.68597820001014,,341.67209100000036,341.68597820001014,342.686099700004,342.686099700004,342.686099700004,342.686099700004,342.686099700004,343.68569710000884,343.68569710000884,344.12288810001337,,,,,v,1,0.4346058999944944,None,participant5,001,2025-10-05_01h23.39.517,11102024_4.0_Motor Sequence Learning,,2025.1.1,60.03546895955558,2025-10-05 01h24.10.207270 +0530,
50,c,47,47,14,c,1,0.778556799996295,None,,,,,14,47,47,2,344.1357662000082,,344.12338190000446,344.1357662000082,345.1350031000038,345.1350031000038,345.1350031000038,345.1350031000038,345.1350031000038,346.13580170000205,346.13580170000205,346.9217564000137,,,,,c,1,0.778556799996295,None,participant5,001,2025-10-05_01h23.39.517,11102024_4.0_Motor Sequence Learning,,2025.1.1,60.03546895955558,2025-10-05 01h24.10.207270 +0530,
150,v,48,48,10,v,1,0.43464909998874646,None,,,,,10,48,48,1,346.93557720001263,,346.92224110000825,346.93557720001263,347.9356511000078,347.9356511000078,347.9356511000078,347.9356511000078,347.9356511000078,348.9355125000002,348.9355125000002,349.3883704000036,,,,,v,1,0.43464909998874646,None,participant5,001,2025-10-05_01h23.39.517,11102024_4.0_Motor Sequence Learning,,2025.1.1,60.03546895955558,2025-10-05 01h24.10.207270 +0530,
150,v,49,49,11,v,1,0.41137760000128765,None,,,,,11,49,49,1,349.40214380000543,,349.3889026000106,349.40214380000543,350.4024257000128,350.4024257000128,350.4024257000128,350.4024257000128,350.4024257000128,351.40223370000604,351.40223370000604,351.81988060000003,,,,,v,1,0.41137760000128765,None,participant5,001,2025-10-05_01h23.39.517,11102024_4.0_Motor Sequence Learning,,2025.1.1,60.03546895955558,2025-10-05 01h24.10.207270 +0530,
-50,x,50,50,9,x,1,0.6142678000032902,None,,,,,9,50,50,0,351.83528460000525,,351.8202040000033,351.83528460000525,352.8190418000013,352.8190418000013,352.8190418000013,352.8190418000013,352.8359455000027,353.8186809000035,353.8186809000035,354.43830230001186,,,,,x,1,0.6142678000032902,None,participant5,001,2025-10-05_01h23.39.517,11102024_4.0_Motor Sequence Learning,,2025.1.1,60.03546895955558,2025-10-05 01h24.10.207270 +0530,
-50,x,51,51,10,x,1,0.5827686999982689,None,,,,,10,51,51,0,354.45240600001125,,354.43878960001166,354.45240600001125,355.45186730001296,355.45186730001296,355.45186730001296,355.45186730001296,355.45186730001296,356.45262530000764,356.45262530000764,357.0386467000062,,,,,x,1,0.5827686999982689,None,participant5,001,2025-10-05_01h23.39.517,11102024_4.0_Motor Sequence Learning,,2025.1.1,60.03546895955558,2025-10-05 01h24.10.207270 +0530,
-50,x,52,52,11,x,1,0.35762619999877643,None,,,,,11,52,52,0,357.0520770000003,,357.03906320000533,357.0520770000003,358.05262730001414,358.05262730001414,358.05262730001414,358.05262730001414,358.05262730001414,359.0520972000086,359.0520972000086,359.42160180000064,,,,,x,1,0.35762619999877643,None,participant5,001,2025-10-05_01h23.39.517,11102024_4.0_Motor Sequence Learning,,2025.1.1,60.03546895955558,2025-10-05 01h24.10.207270 +0530,
-50,x,53,53,12,x,1,0.5927576999965822,None,,,,,12,53,53,0,359.4352873000025,,359.42208820000815,359.4352873000025,360.43585940000776,360.43585940000776,360.43585940000776,360.43585940000776,360.43585940000776,361.43567260001146,361.43567260001146,362.037759800005,,,,,x,1,0.5927576999965822,None,participant5,001,2025-10-05_01h23.39.517,11102024_4.0_Motor Sequence Learning,,2025.1.1,60.03546895955558,2025-10-05 01h24.10.207270 +0530,
50,c,54,54,15,v,0,0.37722999999823514,None,,,,,15,54,54,2,362.0520957000117,,362.0384019000048,362.0520957000117,363.0526938000112,363.0526938000112,363.0526938000112,363.0526938000112,363.0526938000112,364.05172790000506,364.05172790000506,364.438922500005,,,,,v,0,0.37722999999823514,None,participant5,001,2025-10-05_01h23.39.517,11102024_4.0_Motor Sequence Learning,,2025.1.1,60.03546895955558,2025-10-05 01h24.10.207270 +0530,
50,c,55,55,16,c,1,0.3269089000095846,None,,,,,16,55,55,2,364.45212350001384,,364.4394411000103,364.45212350001384,365.4519358000107,365.4519358000107,365.4519358000107,365.4519358000107,365.4519358000107,366.4523243000003,366.4523243000003,366.7885217000003,,,,,c,1,0.3269089000095846,None,participant5,001,2025-10-05_01h23.39.517,11102024_4.0_Motor Sequence Learning,,2025.1.1,60.03546895955558,2025-10-05 01h24.10.207270 +0530,
150,v,56,56,12,v,1,0.4542915000056382,None,,,,,12,56,56,1,366.8023259000038,,366.7891088000033,366.8023259000038,367.8025353000121,367.8025353000121,367.8025353000121,367.8025353000121,367.8025353000121,368.80221580000944,368.80221580000944,369.27153020001424,,,,,v,1,0.4542915000056382,None,participant5,001,2025-10-05_01h23.39.517,11102024_4.0_Motor Sequence Learning,,2025.1.1,60.03546895955558,2025-10-05 01h24.10.207270 +0530,
-150,z,57,57,14,z,1,0.46597180000389926,None,,,,,14,57,57,3,369.28534780000336,,369.2720546000055,369.28534780000336,370.2853060000052,370.2853060000052,370.2853060000052,370.2853060000052,370.2853060000052,371.2856250000041,371.2856250000041,371.75709930001176,,,,,z,1,0.46597180000389926,None,participant5,001,2025-10-05_01h23.39.517,11102024_4.0_Motor Sequence Learning,,2025.1.1,60.03546895955558,2025-10-05 01h24.10.207270 +0530,
150,v,58,58,13,v,1,0.34413080000376794,None,,,,,13,58,58,1,371.7685025000101,,371.7577170000004,371.7685025000101,372.76870290000807,372.76870290000807,372.76870290000807,372.76870290000807,372.76870290000807,373.7686756000039,373.7686756000039,374.1216255000036,,,,,v,1,0.34413080000376794,None,participant5,001,2025-10-05_01h23.39.517,11102024_4.0_Motor Sequence Learning,,2025.1.1,60.03546895955558,2025-10-05 01h24.10.207270 +0530,
50,c,59,59,17,c,1,0.6336656999919796,None,,,,,17,59,59,2,374.13540360001207,,374.12206180000794,374.13540360001207,375.13543340000615,375.13543340000615,375.13543340000615,375.13543340000615,375.13543340000615,376.136072600013,376.136072600013,376.7871084000071,,,,,c,1,0.6336656999919796,None,participant5,001,2025-10-05_01h23.39.517,11102024_4.0_Motor Sequence Learning,,2025.1.1,60.03546895955558,2025-10-05 01h24.10.207270 +0530,
150,v,60,60,14,v,1,0.4062928000057582,None,,,,,14,60,60,1,376.8016545999999,,376.78756900000735,376.8016545999999,377.80220360000385,377.80220360000385,377.80220360000385,377.80220360000385,377.80220360000385,378.802199200014,378.802199200014,379.2206525000074,,,,,v,1,0.4062928000057582,None,participant5,001,2025-10-05_01h23.39.517,11102024_4.0_Motor Sequence Learning,,2025.1.1,60.03546895955558,2025-10-05 01h24.10.207270 +0530,
-50,x,61,61,13,x,1,0.4689821999927517,None,,,,,13,61,61,0,379.235648700007,,379.22108280000975,379.235648700007,380.2347981000057,380.2347981000057,380.2347981000057,380.2347981000057,380.2347981000057,381.2354449000122,381.2354449000122,381.72115280000435,,,,,x,1,0.4689821999927517,None,participant5,001,2025-10-05_01h23.39.517,11102024_4.0_Motor Sequence Learning,,2025.1.1,60.03546895955558,2025-10-05 01h24.10.207270 +0530,
50,c,62,62,18,c,1,0.4583866000029957,None,,,,,18,62,62,2,381.73556640000606,,381.72176080000645,381.73556640000606,382.7354342000035,382.7354342000035,382.7354342000035,382.7354342000035,382.7354342000035,383.73526110000967,383.73526110000967,384.203880400004,,,,,c,1,0.4583866000029957,None,participant5,001,2025-10-05_01h23.39.517,11102024_4.0_Motor Sequence Learning,,2025.1.1,60.03546895955558,2025-10-05 01h24.10.207270 +0530,
-150,z,63,63,15,z,1,0.29410669999197125,None,,,,,15,63,63,3,384.2186204000027,,384.2043541000021,384.2186204000027,385.2184605000075,385.2184605000075,385.2184605000075,385.2184605000075,385.2184605000075,386.2186604000017,386.2186604000017,386.52084510000714,,,,,z,1,0.29410669999197125,None,participant5,001,2025-10-05_01h23.39.517,11102024_4.0_Motor Sequence Learning,,2025.1.1,60.03546895955558,2025-10-05 01h24.10.207270 +0530,
-50,x,64,64,14,x,1,0.3959818000002997,None,,,,,14,64,64,0,386.53528220001317,,386.52142110001296,386.53528220001317,387.5353194000054,387.5353194000054,387.5353194000054,387.5353194000054,387.5353194000054,388.5355394000071,388.5355394000071,388.9379043000081,,,,,x,1,0.3959818000002997,None,participant5,001,2025-10-05_01h23.39.517,11102024_4.0_Motor Sequence Learning,,2025.1.1,60.03546895955558,2025-10-05 01h24.10.207270 +0530,
150,v,65,65,15,v,1,0.37610290000156965,None,,,,,15,65,65,1,388.95216410000285,,388.9385139000078,388.95216410000285,389.9519522000046,389.9519522000046,389.9519522000046,389.9519522000046,389.9519522000046,390.95197760000883,390.95197760000883,391.3390686000057,,,,,v,1,0.37610290000156965,None,participant5,001,2025-10-05_01h23.39.517,11102024_4.0_Motor Sequence Learning,,2025.1.1,60.03546895955558,2025-10-05 01h24.10.207270 +0530,
150,v,66,66,16,v,1,0.5676638000004459,None,,,,,16,66,66,1,391.3520456000115,,391.3395411000092,391.3520456000115,392.35202360000403,392.35202360000403,392.35202360000403,392.35202360000403,392.35202360000403,393.3520539000019,393.3520539000019,393.938255400004,,,,,v,1,0.5676638000004459,None,participant5,001,2025-10-05_01h23.39.517,11102024_4.0_Motor Sequence Learning,,2025.1.1,60.03546895955558,2025-10-05 01h24.10.207270 +0530,
-50,x,67,67,15,x,1,0.41755189999821596,None,,,,,15,67,67,0,393.9518709000113,,393.9388319000136,393.9518709000113,394.95208970000385,394.95208970000385,394.95208970000385,394.95208970000385,394.95208970000385,395.95160100000794,395.95160100000794,396.37203210000007,,,,,x,1,0.41755189999821596,None,participant5,001,2025-10-05_01h23.39.517,11102024_4.0_Motor Sequence Learning,,2025.1.1,60.03546895955558,2025-10-05 01h24.10.207270 +0530,
150,v,68,68,17,v,1,0.8916640999959782,None,,,,,17,68,68,1,396.3850899000099,,396.37256720000005,396.3850899000099,397.3853613000101,397.3853613000101,397.3853613000101,397.3853613000101,397.3853613000101,398.3853173000098,398.3853173000098,399.28732280000986,,,,,v,1,0.8916640999959782,None,participant5,001,2025-10-05_01h23.39.517,11102024_4.0_Motor Sequence Learning,,2025.1.1,60.03546895955558,2025-10-05 01h24.10.207270 +0530,
-50,x,69,69,16,x,1,0.2839715000009164,None,,,,,16,69,69,0,399.3019135000068,,399.28777080000145,399.3019135000068,400.30187610001303,400.30187610001303,400.30187610001303,400.30187610001303,400.30187610001303,401.3015213000035,401.3015213000035,401.5888391000044,,,,,x,1,0.2839715000009164,None,participant5,001,2025-10-05_01h23.39.517,11102024_4.0_Motor Sequence Learning,,2025.1.1,60.03546895955558,2025-10-05 01h24.10.207270 +0530,
150,v,70,70,18,v,1,0.368941900000209,None,,,,,18,70,70,1,401.60193580000487,,401.58934790000785,401.60193580000487,402.60162500001024,402.60162500001024,402.60162500001024,402.60162500001024,402.60162500001024,403.60186700000486,403.60186700000486,403.9879593000078,,,,,v,1,0.368941900000209,None,participant5,001,2025-10-05_01h23.39.517,11102024_4.0_Motor Sequence Learning,,2025.1.1,60.03546895955558,2025-10-05 01h24.10.207270 +0530,
50,c,71,71,19,c,1,0.48083739999856334,None,,,,,19,71,71,2,404.0019770000072,,403.988526000001,404.0019770000072,405.0008755000017,405.0008755000017,405.0008755000017,405.0008755000017,405.01769120000245,406.00139310001396,406.00139310001396,406.4864954000077,,,,,c,1,0.48083739999856334,None,participant5,001,2025-10-05_01h23.39.517,11102024_4.0_Motor Sequence Learning,,2025.1.1,60.03546895955558,2025-10-05 01h24.10.207270 +0530,
-50,x,72,72,17,z,0,0.36970329999167006,None,,,,,17,72,72,0,406.50132550000853,,406.48684130000765,406.50132550000853,407.5016086000105,407.5016086000105,407.5016086000105,407.5016086000105,407.5016086000105,408.5013265000016,408.5013265000016,408.88754380001046,,,,,z,0,0.36970329999167006,None,participant5,001,2025-10-05_01h23.39.517,11102024_4.0_Motor Sequence Learning,,2025.1.1,60.03546895955558,2025-10-05 01h24.10.207270 +0530,
150,v,73,73,19,v,1,0.3855242999998154,None,,,,,19,73,73,1,408.9015509000019,,408.88879880000604,408.9015509000019,409.9014092000143,409.9014092000143,409.9014092000143,409.9014092000143,409.9014092000143,410.9016464000015,410.9016464000015,411.3043644000136,,,,,v,1,0.3855242999998154,None,participant5,001,2025-10-05_01h23.39.517,11102024_4.0_Motor Sequence Learning,,2025.1.1,60.03546895955558,2025-10-05 01h24.10.207270 +0530,
-150,z,74,74,16,z,1,0.4136999000038486,None,,,,,16,74,74,3,411.31816300000355,,411.3048349000019,411.31816300000355,412.3179203000036,412.3179203000036,412.3179203000036,412.3179203000036,412.3179203000036,413.3182042000117,413.3182042000117,413.73707130001276,,,,,z,1,0.4136999000038486,None,participant5,001,2025-10-05_01h23.39.517,11102024_4.0_Motor Sequence Learning,,2025.1.1,60.03546895955558,2025-10-05 01h24.10.207270 +0530,
-50,x,75,75,18,x,1,0.35089800000423566,None,,,,,18,75,75,0,413.7514255000133,,413.73746550000214,413.7514255000133,414.751136100007,414.751136100007,414.751136100007,414.751136100007,414.751136100007,415.75149000000965,415.75149000000965,416.104985900005,,,,,x,1,0.35089800000423566,None,participant5,001,2025-10-05_01h23.39.517,11102024_4.0_Motor Sequence Learning,,2025.1.1,60.03546895955558,2025-10-05 01h24.10.207270 +0530,
-50,x,76,76,19,x,1,0.3995483000035165,None,,,,,19,76,76,0,416.11819860000105,,416.1054626000114,416.11819860000105,417.11808980000205,417.11808980000205,417.11808980000205,417.11808980000205,417.11808980000205,418.11814510000113,418.11814510000113,418.5221571000002,,,,,x,1,0.3995483000035165,None,participant5,001,2025-10-05_01h23.39.517,11102024_4.0_Motor Sequence Learning,,2025.1.1,60.03546895955558,2025-10-05 01h24.10.207270 +0530,
50,c,77,77,20,c,1,0.4907464000134496,None,,,,,20,77,77,2,418.535002500008,,418.5226124000037,418.535002500008,419.5348251000105,419.5348251000105,419.5348251000105,419.5348251000105,419.5348251000105,420.5347170000023,420.5347170000023,421.0381758000003,,,,,c,1,0.4907464000134496,None,participant5,001,2025-10-05_01h23.39.517,11102024_4.0_Motor Sequence Learning,,2025.1.1,60.03546895955558,2025-10-05 01h24.10.207270 +0530,
-150,z,78,78,17,z,1,0.46082920000480954,None,,,,,17,78,78,3,421.0514031000057,,421.0387759000005,421.0514031000057,422.0515085000079,422.0515085000079,422.0515085000079,422.0515085000079,422.0515085000079,423.05150010000216,423.05150010000216,423.52172200000496,,,,,z,1,0.46082920000480954,None,participant5,001,2025-10-05_01h23.39.517,11102024_4.0_Motor Sequence Learning,,2025.1.1,60.03546895955558,2025-10-05 01h24.10.207270 +0530,
-50,x,79,79,20,x,1,0.42821110000659246,None,,,,,20,79,79,0,423.534954200004,,423.5223257000034,423.534954200004,424.53492850001203,424.53492850001203,424.53492850001203,424.53492850001203,424.53492850001203,425.5350397000002,425.5350397000002,425.9701219000126,,,,,x,1,0.42821110000659246,None,participant5,001,2025-10-05_01h23.39.517,11102024_4.0_Motor Sequence Learning,,2025.1.1,60.03546895955558,2025-10-05 01h24.10.207270 +0530,
-50,x,80,80,21,c,0,0.3107473999989452,None,,,,,21,80,80,0,425.9848520000087,,425.97060200000124,425.9848520000087,426.98458910000045,426.98458910000045,426.98458910000045,426.98458910000045,426.98458910000045,427.98491310000827,427.98491310000827,428.3044424000109,,,,,c,0,0.3107473999989452,None,participant5,001,2025-10-05_01h23.39.517,11102024_4.0_Motor Sequence Learning,,2025.1.1,60.03546895955558,2025-10-05 01h24.10.207270 +0530,
50,c,81,81,21,c,1,0.5398704999970505,None,,,,,21,81,81,2,428.31793550000293,,428.30492680000316,428.31793550000293,429.31787470000563,429.31787470000563,429.31787470000563,429.31787470000563,429.31787470000563,430.31809610000346,430.31809610000346,430.870316200002,,,,,c,1,0.5398704999970505,None,participant5,001,2025-10-05_01h23.39.517,11102024_4.0_Motor Sequence Learning,,2025.1.1,60.03546895955558,2025-10-05 01h24.10.207270 +0530,
-150,z,82,82,18,z,1,0.391754199998104,None,,,,,18,82,82,3,430.88478150000446,,430.87074960001337,430.88478150000446,431.88449980001315,431.88449980001315,431.88449980001315,431.88449980001315,431.88449980001315,432.8847742000071,432.8847742000071,433.28792280000926,,,,,z,1,0.391754199998104,None,participant5,001,2025-10-05_01h23.39.517,11102024_4.0_Motor Sequence Learning,,2025.1.1,60.03546895955558,2025-10-05 01h24.10.207270 +0530,
-50,x,83,83,22,x,1,0.5939349999971455,None,,,,,22,83,83,0,433.3012601000082,,433.28843260000576,433.3012601000082,434.3013423000084,434.3013423000084,434.3013423000084,434.3013423000084,434.3013423000084,435.3013764000061,435.3013764000061,435.9035661000089,,,,,x,1,0.5939349999971455,None,participant5,001,2025-10-05_01h23.39.517,11102024_4.0_Motor Sequence Learning,,2025.1.1,60.03546895955558,2025-10-05 01h24.10.207270 +0530,
-50,x,84,84,23,x,1,0.4426575999968918,None,,,,,23,84,84,0,435.91772010001296,,435.9040812000021,435.91772010001296,436.91770290001296,436.91770290001296,436.91770290001296,436.91770290001296,436.91770290001296,437.91787200000545,437.91787200000545,438.3699148000014,,,,,x,1,0.4426575999968918,None,participant5,001,2025-10-05_01h23.39.517,11102024_4.0_Motor Sequence Learning,,2025.1.1,60.03546895955558,2025-10-05 01h24.10.207270 +0530,
150,v,85,85,20,v,1,0.6962195000087377,None,,,,,20,85,85,1,438.38446240000485,,438.37036450000596,438.38446240000485,439.38473100001283,439.38473100001283,439.38473100001283,439.38473100001283,439.38473100001283,440.3845072000113,440.3845072000113,441.08671210000466,,,,,v,1,0.6962195000087377,None,participant5,001,2025-10-05_01h23.39.517,11102024_4.0_Motor Sequence Learning,,2025.1.1,60.03546895955558,2025-10-05 01h24.10.207270 +0530,
50,c,86,86,22,c,1,0.45540489999984857,None,,,,,22,86,86,2,441.10155180000584,,441.08713310000894,441.10155180000584,442.101304900003,442.101304900003,442.101304900003,442.101304900003,442.101304900003,443.1012172000046,443.1012172000046,443.57047270001203,,,,,c,1,0.45540489999984857,None,participant5,001,2025-10-05_01h23.39.517,11102024_4.0_Motor Sequence Learning,,2025.1.1,60.03546895955558,2025-10-05 01h24.10.207270 +0530,
150,v,87,87,21,v,1,0.38933340000221506,None,,,,,21,87,87,1,443.5843675000069,,443.5709521000099,443.5843675000069,444.5844419000059,444.5844419000059,444.5844419000059,444.5844419000059,444.5844419000059,445.58465120001347,445.58465120001347,445.9873951000045,,,,,v,1,0.38933340000221506,None,participant5,001,2025-10-05_01h23.39.517,11102024_4.0_Motor Sequence Learning,,2025.1.1,60.03546895955558,2025-10-05 01h24.10.207270 +0530,
-150,z,88,88,19,z,1,0.6699608999915654,None,,,,,19,88,88,3,446.00101190000714,,445.98788720001176,446.00101190000714,447.0013418000017,447.0013418000017,447.0013418000017,447.0013418000017,447.0013418000017,448.0010758000135,448.0010758000135,448.6870908000128,,,,,z,1,0.6699608999915654,None,participant5,001,2025-10-05_01h23.39.517,11102024_4.0_Motor Sequence Learning,,2025.1.1,60.03546895955558,2025-10-05 01h24.10.207270 +0530,
-50,x,89,89,24,x,1,0.3369269999966491,None,,,,,24,89,89,0,448.7012221000041,,448.6876282000012,448.7012221000041,449.7011550000025,449.7011550000025,449.7011550000025,449.7011550000025,449.7011550000025,450.70152940000116,450.70152940000116,451.05422120000003,,,,,x,1,0.3369269999966491,None,participant5,001,2025-10-05_01h23.39.517,11102024_4.0_Motor Sequence Learning,,2025.1.1,60.03546895955558,2025-10-05 01h24.10.207270 +0530,
50,c,90,90,23,c,1,0.44528700000955723,None,,,,,23,90,90,2,451.0679134000093,,451.0548060000001,451.0679134000093,452.06755160000466,452.06755160000466,452.06755160000466,452.06755160000466,452.06755160000466,453.0673705000081,453.0673705000081,453.52021539999987,,,,,c,1,0.44528700000955723,None,participant5,001,2025-10-05_01h23.39.517,11102024_4.0_Motor Sequence Learning,,2025.1.1,60.03546895955558,2025-10-05 01h24.10.207270 +0530,
150,v,91,91,22,v,1,0.377187000005506,None,,,,,22,91,91,1,453.5345764000085,,453.52075150000746,453.5345764000085,454.53475830001116,454.53475830001116,454.53475830001116,454.53475830001116,454.53475830001116,455.5347124000109,455.5347124000109,455.9195807000069,,,,,v,1,0.377187000005506,None,participant5,001,2025-10-05_01h23.39.517,11102024_4.0_Motor Sequence Learning,,2025.1.1,60.03546895955558,2025-10-05 01h24.10.207270 +0530,
-150,z,92,92,20,z,1,0.3429418000014266,None,,,,,20,92,92,3,455.9342108000128,,455.9200381000119,455.9342108000128,456.93386330000067,456.93386330000067,456.93386330000067,456.93386330000067,456.93386330000067,457.93449290000717,457.93449290000717,458.28773600001296,,,,,z,1,0.3429418000014266,None,participant5,001,2025-10-05_01h23.39.517,11102024_4.0_Motor Sequence Learning,,2025.1.1,60.03546895955558,2025-10-05 01h24.10.207270 +0530,
150,v,93,93,23,v,1,0.33150519999617245,None,,,,,23,93,93,1,458.300825600003,,458.2882459000102,458.300825600003,459.30089150001004,459.30089150001004,459.30089150001004,459.30089150001004,459.30089150001004,460.3011045000021,460.3011045000021,460.63750419999997,,,,,v,1,0.33150519999617245,None,participant5,001,2025-10-05_01h23.39.517,11102024_4.0_Motor Sequence Learning,,2025.1.1,60.03546895955558,2025-10-05 01h24.10.207270 +0530,
-150,z,94,94,21,z,1,0.4532009999966249,None,,,,,21,94,94,3,460.65095690000453,,460.63841190001403,460.65095690000453,461.6509075000067,461.6509075000067,461.6509075000067,461.6509075000067,461.6509075000067,462.65087380001205,462.65087380001205,463.12049100000877,,,,,z,1,0.4532009999966249,None,participant5,001,2025-10-05_01h23.39.517,11102024_4.0_Motor Sequence Learning,,2025.1.1,60.03546895955558,2025-10-05 01h24.10.207270 +0530,
-150,z,95,95,22,x,0,0.3407185000105528,None,,,,,22,95,95,3,463.13443680001365,,463.1209792000009,463.13443680001365,464.1340787000081,464.1340787000081,464.1340787000081,464.1340787000081,464.1340787000081,465.1336878000002,465.1336878000002,465.4863863000064,,,,,x,0,0.3407185000105528,None,participant5,001,2025-10-05_01h23.39.517,11102024_4.0_Motor Sequence Learning,,2025.1.1,60.03546895955558,2025-10-05 01h24.10.207270 +0530,
-150,z,96,96,23,z,1,0.2788264999981038,None,,,,,23,96,96,3,465.5006390000053,,465.48691430001054,465.5006390000053,466.50087980000535,466.50087980000535,466.50087980000535,466.50087980000535,466.50087980000535,467.50046430001385,467.50046430001385,467.7864344000118,,,,,z,1,0.2788264999981038,None,participant5,001,2025-10-05_01h23.39.517,11102024_4.0_Motor Sequence Learning,,2025.1.1,60.03546895955558,2025-10-05 01h24.10.207270 +0530,
50,c,97,97,24,c,1,0.49266269999498036,None,,,,,24,97,97,2,467.8003371000086,,467.78688900001,467.8003371000086,468.8010007000121,468.8010007000121,468.8010007000121,468.8010007000121,468.8010007000121,469.8005533000105,469.8005533000105,470.3036876000115,,,,,c,1,0.49266269999498036,None,participant5,001,2025-10-05_01h23.39.517,11102024_4.0_Motor Sequence Learning,,2025.1.1,60.03546895955558,2025-10-05 01h24.10.207270 +0530,
150,v,98,98,24,v,1,0.49275910000142176,None,,,,,24,98,98,1,470.31725630001165,,470.3041877000069,470.31725630001165,471.3171869000071,471.3171869000071,471.3171869000071,471.3171869000071,471.3171869000071,472.31736100000853,472.31736100000853,472.81979730000603,,,,,v,1,0.49275910000142176,None,participant5,001,2025-10-05_01h23.39.517,11102024_4.0_Motor Sequence Learning,,2025.1.1,60.03546895955558,2025-10-05 01h24.10.207270 +0530,
-150,z,99,99,24,z,1,0.2961786999949254,None,,,,,24,99,99,3,472.83435100001225,,472.82025770000473,472.83435100001225,473.8341570000048,473.8341570000048,473.8341570000048,473.8341570000048,473.8341570000048,474.83430050000607,474.83430050000607,475.137550000014,,,,,z,1,0.2961786999949254,None,participant5,001,2025-10-05_01h23.39.517,11102024_4.0_Motor Sequence Learning,,2025.1.1,60.03546895955558,2025-10-05 01h24.10.207270 +0530,
